area_data_type,geography_type,geography_id,geography_desc,total_area,mobilebb_3g_area_st_pct,mobilebb_3g_area_iv_pct,mobilebb_4g_area_st_pct,mobilebb_4g_area_iv_pct,mobilebb_5g_spd1_area_st_pct,mobilebb_5g_spd1_area_iv_pct,mobilebb_5g_spd2_area_st_pct,mobilebb_5g_spd2_area_iv_pct
Total,Census Place,2400125,"Aberdeen, MD",17.485195000,0.000000000,0.000000000,1.000000000,0.993975904,1.000000000,1.000000000,1.000000000,0.981927711
Total,Census Place,2400175,"Aberdeen Proving Ground, MD",31.178420000,0.000000000,0.000000000,1.000000000,0.929054054,0.996621622,0.851351351,0.763513514,0.570945946
Total,Census Place,2400200,"Abingdon, MD",7.267942500,0.000000000,0.000000000,1.000000000,1.000000000,1.000000000,1.000000000,1.000000000,1.000000000
Total,Census Place,2400225,"Accident, MD",1.263990000,0.000000000,0.000000000,1.000000000,1.000000000,1.000000000,1.000000000,0.750000000,0.750000000
Total,Census Place,2400250,"Accokeek, MD",76.998057500,0.000000000,0.000000000,1.000000000,0.859097127,0.991792066,0.827633379,0.926128591,0.604651163
Total,Census Place,2400350,"Adamstown, MD",2.843977500,0.000000000,0.000000000,1.000000000,1.000000000,1.000000000,1.000000000,1.000000000,0.962962963
Total,Census Place,2400400,"Adelphi, MD",7.057277500,0.000000000,0.000000000,1.000000000,1.000000000,1.000000000,1.000000000,1.000000000,1.000000000
Total,Census Place,2400712,"Algonquin, MD",7.583940000,0.000000000,0.000000000,1.000000000,0.861111111,0.527777778,0.041666667,0.291666667,0.013888889
Total,Census Place,2400800,"Allen, MD",1.263990000,0.000000000,0.000000000,1.000000000,1.000000000,1.000000000,1.000000000,1.000000000,1.000000000
Total,Census Place,2401450,"Andrews AFB, MD",18.538520000,0.000000000,0.000000000,1.000000000,0.994318182,1.000000000,1.000000000,0.994318182,0.988636364
Total,Census Place,2401600,"Annapolis, MD",21.171832500,0.000000000,0.000000000,1.000000000,0.995024876,1.000000000,1.000000000,1.000000000,0.970149254
Total,Census Place,2401635,"Annapolis Neck, MD",30.862422500,0.000000000,0.000000000,1.000000000,0.863481229,1.000000000,0.965870307,0.979522184,0.846416382
Total,Census Place,2401750,"Antietam, MD",0.421330000,0.000000000,0.000000000,1.000000000,0.500000000,1.000000000,1.000000000,0.750000000,0.250000000
Total,Census Place,2401925,"Aquasco, MD",59.407530000,0.000000000,0.000000000,0.996453901,0.625886525,0.927304965,0.425531915,0.682624113,0.276595745
Total,Census Place,2401975,"Arbutus, MD",17.485195000,0.000000000,0.000000000,1.000000000,1.000000000,1.000000000,1.000000000,1.000000000,0.975903614
Total,Census Place,2402025,"Arden on the Severn, MD",4.318632500,0.000000000,0.000000000,1.000000000,1.000000000,1.000000000,0.731707317,0.829268293,0.439024390
Total,Census Place,2402275,"Arnold, MD",35.918382500,0.000000000,0.000000000,1.000000000,0.967741935,1.000000000,0.997067449,0.997067449,0.953079179
Total,Census Place,2402762,"Ashton-Sandy Spring, MD",27.702447500,0.000000000,0.000000000,1.000000000,0.980988593,0.996197719,0.859315589,0.912547529,0.718631179
Total,Census Place,2402825,"Aspen Hill, MD",25.174467500,0.000000000,0.000000000,1.000000000,0.920502092,1.000000000,0.916317992,0.941422594,0.740585774
Total,Census Place,2403500,"Baden, MD",75.839400000,0.000000000,0.000000000,1.000000000,0.687500000,0.937500000,0.393055556,0.741666667,0.225000000
Total,Census Place,2403514,"Bagtown, MD",1.474655000,0.000000000,0.000000000,1.000000000,1.000000000,1.000000000,1.000000000,1.000000000,1.000000000
Total,Census Place,2403575,"Bakersville, MD",0.210665000,0.000000000,0.000000000,1.000000000,0.500000000,1.000000000,1.000000000,1.000000000,0.500000000
Total,Census Place,2403800,"Ballenger Creek, MD",28.650440000,0.000000000,0.000000000,1.000000000,0.992647059,1.000000000,1.000000000,1.000000000,0.981617647
Total,Census Place,2404000,"Baltimore, MD",243.212742500,0.000000000,0.000000000,1.000000000,0.999133824,1.000000000,0.999133824,0.999133824,0.988739714
Total,Census Place,2404050,"Baltimore Highlands, MD",4.739962500,0.000000000,0.000000000,1.000000000,1.000000000,1.000000000,1.000000000,1.000000000,1.000000000
Total,Census Place,2404250,"Barclay, MD",0.526662500,0.000000000,0.000000000,1.000000000,0.400000000,0.600000000,0.000000000,0.400000000,0.000000000
Total,Census Place,2404475,"Barnesville, MD",1.263990000,0.000000000,0.000000000,1.000000000,1.000000000,1.000000000,1.000000000,1.000000000,0.666666667
Total,Census Place,2404525,"Barrelville, MD",0.105332500,0.000000000,0.000000000,0.000000000,0.000000000,0.000000000,0.000000000,0.000000000,0.000000000
Total,Census Place,2404625,"Barton, MD",0.631995000,0.000000000,0.000000000,1.000000000,1.000000000,1.000000000,0.833333333,1.000000000,0.833333333
Total,Census Place,2404650,"Bartonsville, MD",5.687955000,0.000000000,0.000000000,1.000000000,0.981481481,1.000000000,0.944444444,1.000000000,0.870370370
Total,Census Place,2405250,"Beaver Creek, MD",3.159975000,0.000000000,0.000000000,1.000000000,1.000000000,1.000000000,1.000000000,1.000000000,1.000000000
Total,Census Place,2405525,"Bel Air, MD",2.001317500,0.000000000,0.000000000,1.000000000,1.000000000,1.000000000,1.000000000,1.000000000,1.000000000
Total,Census Place,2405550,"Bel Air, MD",8.426600000,0.000000000,0.000000000,1.000000000,1.000000000,1.000000000,1.000000000,1.000000000,1.000000000
Total,Census Place,2405825,"Bel Air North, MD",42.027667500,0.000000000,0.000000000,1.000000000,0.934837093,1.000000000,1.000000000,1.000000000,0.989974937
Total,Census Place,2405950,"Bel Air South, MD",55.615560000,0.000000000,0.000000000,1.000000000,0.950757576,1.000000000,0.996212121,0.992424242,0.962121212
Total,Census Place,2406400,"Beltsville, MD",19.591845000,0.000000000,0.000000000,1.000000000,1.000000000,1.000000000,1.000000000,1.000000000,0.978494624
Total,Census Place,2406550,"Benedict, MD",0.631995000,0.000000000,0.000000000,1.000000000,0.833333333,1.000000000,0.833333333,0.500000000,0.000000000
Total,Census Place,2406662,"Bensville, MD",45.608972500,0.000000000,0.000000000,1.000000000,0.822170901,0.969976905,0.667436490,0.833718245,0.496535797
Total,Census Place,2406800,"Berlin, MD",9.163927500,0.000000000,0.000000000,1.000000000,0.988505747,1.000000000,0.965517241,1.000000000,0.908045977
Total,Census Place,2406925,"Berwyn Heights, MD",2.001317500,0.000000000,0.000000000,1.000000000,1.000000000,1.000000000,1.000000000,1.000000000,0.947368421
Total,Census Place,2407125,"Bethesda, MD",35.181055000,0.000000000,0.000000000,1.000000000,1.000000000,1.000000000,0.994011976,0.997005988,0.913173653
Total,Census Place,2407200,"Betterton, MD",2.738645000,0.000000000,0.000000000,1.000000000,0.923076923,0.923076923,0.423076923,0.615384615,0.346153846
Total,Census Place,2407285,"Bier, MD",3.791970000,0.000000000,0.000000000,1.000000000,1.000000000,1.000000000,1.000000000,1.000000000,0.916666667
Total,Census Place,2407375,"Big Pool, MD",0.210665000,0.000000000,0.000000000,1.000000000,1.000000000,1.000000000,1.000000000,1.000000000,1.000000000
Total,Census Place,2407400,"Big Spring, MD",0.421330000,0.000000000,0.000000000,1.000000000,0.750000000,1.000000000,1.000000000,1.000000000,1.000000000
Total,Census Place,2407625,"Bishopville, MD",8.110602500,0.000000000,0.000000000,1.000000000,0.909090909,1.000000000,0.415584416,0.896103896,0.298701299
Total,Census Place,2407675,"Bivalve, MD",4.529297500,0.000000000,0.000000000,0.674418605,0.069767442,0.302325581,0.023255814,0.302325581,0.023255814
Total,Census Place,2407850,"Bladensburg, MD",2.527980000,0.000000000,0.000000000,1.000000000,1.000000000,1.000000000,1.000000000,1.000000000,1.000000000
Total,Census Place,2408050,"Bloomington, MD",1.790652500,0.000000000,0.000000000,1.000000000,1.000000000,1.000000000,0.882352941,1.000000000,0.823529412
Total,Census Place,2408625,"Boonsboro, MD",8.321267500,0.000000000,0.000000000,1.000000000,1.000000000,1.000000000,1.000000000,1.000000000,1.000000000
Total,Census Place,2408775,"Bowie, MD",54.878232500,0.000000000,0.000000000,1.000000000,0.990403071,1.000000000,0.982725528,0.996161228,0.875239923
Total,Census Place,2408800,"Bowleys Quarters, MD",16.010540000,0.000000000,0.000000000,1.000000000,0.927631579,0.980263158,0.875000000,0.907894737,0.671052632
Total,Census Place,2408850,"Bowling Green, MD",2.422647500,0.000000000,0.000000000,1.000000000,1.000000000,1.000000000,1.000000000,1.000000000,1.000000000
Total,Census Place,2408862,"Bowmans Addition, MD",3.159975000,0.000000000,0.000000000,1.000000000,0.633333333,1.000000000,1.000000000,1.000000000,0.966666667
Total,Census Place,2409100,"Braddock Heights, MD",14.009222500,0.000000000,0.000000000,1.000000000,0.879699248,0.992481203,0.902255639,0.954887218,0.812030075
Total,Census Place,2409325,"Brandywine, MD",56.879550000,0.000000000,0.000000000,1.000000000,0.898148148,1.000000000,0.929629630,0.981481481,0.777777778
Total,Census Place,2409400,"Breathedsville, MD",1.158657500,0.000000000,0.000000000,1.000000000,1.000000000,1.000000000,1.000000000,1.000000000,1.000000000
Total,Census Place,2409500,"Brentwood, MD",0.842660000,0.000000000,0.000000000,1.000000000,1.000000000,1.000000000,1.000000000,1.000000000,1.000000000
Total,Census Place,2410150,"Brock Hall, MD",26.649122500,0.000000000,0.000000000,1.000000000,0.881422925,1.000000000,0.948616601,0.952569170,0.731225296
Total,Census Place,2410225,"Brookeville, MD",0.421330000,0.000000000,0.000000000,1.000000000,1.000000000,1.000000000,1.000000000,1.000000000,0.750000000
Total,Census Place,2410475,"Brooklyn Park, MD",11.270577500,0.000000000,0.000000000,1.000000000,1.000000000,1.000000000,1.000000000,1.000000000,1.000000000
Total,Census Place,2410500,"Brookmont, MD",5.477290000,0.000000000,0.000000000,1.000000000,1.000000000,1.000000000,0.980769231,1.000000000,0.846153846
Total,Census Place,2410575,"Brookview, MD",0.105332500,0.000000000,0.000000000,1.000000000,1.000000000,1.000000000,0.000000000,1.000000000,0.000000000
Total,Census Place,2410650,"Broomes Island, MD",1.790652500,0.000000000,0.000000000,1.000000000,0.411764706,0.764705882,0.352941176,0.529411765,0.058823529
Total,Census Place,2410737,"Brown Station, MD",16.537202500,0.000000000,0.000000000,1.000000000,1.000000000,1.000000000,0.993630573,0.993630573,0.885350318
Total,Census Place,2410800,"Brownsville, MD",0.737327500,0.000000000,0.000000000,1.000000000,0.857142857,1.000000000,1.000000000,1.000000000,0.428571429
Total,Census Place,2410900,"Brunswick, MD",9.795922500,0.000000000,0.000000000,1.000000000,1.000000000,1.000000000,0.935483871,1.000000000,0.870967742
Total,Census Place,2410925,"Bryans Road, MD",41.395672500,0.000000000,0.000000000,0.997455471,0.786259542,0.992366412,0.707379135,0.882951654,0.587786260
Total,Census Place,2410950,"Bryantown, MD",11.270577500,0.000000000,0.000000000,1.000000000,0.757009346,1.000000000,0.738317757,0.869158879,0.523364486
Total,Census Place,2411050,"Buckeystown, MD",2.317315000,0.000000000,0.000000000,1.000000000,1.000000000,1.000000000,0.954545455,1.000000000,0.681818182
Total,Census Place,2411400,"Burkittsville, MD",1.263990000,0.000000000,0.000000000,1.000000000,0.916666667,1.000000000,1.000000000,1.000000000,1.000000000
Total,Census Place,2411550,"Burnt Mills, MD",1.895985000,0.000000000,0.000000000,1.000000000,1.000000000,1.000000000,1.000000000,1.000000000,0.944444444
Total,Census Place,2411750,"Burtonsville, MD",22.119825000,0.000000000,0.000000000,1.000000000,0.952380952,1.000000000,0.952380952,0.971428571,0.819047619
Total,Census Place,2411900,"Butlertown, MD",2.001317500,0.000000000,0.000000000,1.000000000,0.736842105,0.842105263,0.157894737,0.473684211,0.105263158
Total,Census Place,2412075,"Cabin John, MD",4.423965000,0.000000000,0.000000000,1.000000000,1.000000000,1.000000000,1.000000000,1.000000000,0.952380952
Total,Census Place,2412150,"California, MD",40.026350000,0.000000000,0.000000000,1.000000000,0.934210526,1.000000000,0.997368421,1.000000000,0.976315789
Total,Census Place,2412175,"Callaway, MD",12.639900000,0.000000000,0.000000000,1.000000000,0.883333333,1.000000000,1.000000000,1.000000000,0.991666667
Total,Census Place,2412300,"Calvert Beach, MD",2.211982500,0.000000000,0.000000000,1.000000000,0.380952381,1.000000000,0.476190476,0.809523810,0.238095238
Total,Census Place,2412350,"Calverton, MD",12.218570000,0.000000000,0.000000000,1.000000000,1.000000000,1.000000000,1.000000000,1.000000000,0.974137931
Total,Census Place,2412400,"Cambridge, MD",35.181055000,0.000000000,0.000000000,1.000000000,0.910179641,0.976047904,0.625748503,0.886227545,0.449101796
Total,Census Place,2412600,"Camp Springs, MD",20.434505000,0.000000000,0.000000000,1.000000000,1.000000000,1.000000000,0.989690722,0.994845361,0.927835052
Total,Census Place,2412912,"Cape St. Claire, MD",6.530615000,0.000000000,0.000000000,1.000000000,0.983870968,1.000000000,1.000000000,1.000000000,0.983870968
Total,Census Place,2413000,"Capitol Heights, MD",2.317315000,0.000000000,0.000000000,1.000000000,1.000000000,1.000000000,0.954545455,1.000000000,0.772727273
Total,Census Place,2413225,"Carlos, MD",0.631995000,0.000000000,0.000000000,1.000000000,0.833333333,1.000000000,1.000000000,1.000000000,1.000000000
Total,Census Place,2413325,"Carney, MD",18.327855000,0.000000000,0.000000000,1.000000000,0.994252874,0.994252874,0.931034483,0.977011494,0.839080460
Total,Census Place,2414125,"Catonsville, MD",37.182372500,0.000000000,0.000000000,1.000000000,0.920679887,0.957507082,0.912181303,0.892351275,0.824362606
Total,Census Place,2414225,"Cavetown, MD",5.055960000,0.000000000,0.000000000,1.000000000,0.979166667,1.000000000,1.000000000,1.000000000,1.000000000
Total,Census Place,2414300,"Cearfoss, MD",0.421330000,0.000000000,0.000000000,1.000000000,1.000000000,1.000000000,1.000000000,1.000000000,1.000000000
Total,Census Place,2414325,"Cecilton, MD",1.474655000,0.000000000,0.000000000,1.000000000,1.000000000,1.000000000,1.000000000,1.000000000,0.857142857
Total,Census Place,2414550,"Cedar Heights, MD",0.631995000,0.000000000,0.000000000,1.000000000,1.000000000,1.000000000,1.000000000,1.000000000,1.000000000
Total,Census Place,2414800,"Cedarville, MD",35.813050000,0.000000000,0.000000000,1.000000000,0.858823529,0.982352941,0.620588235,0.838235294,0.414705882
Total,Census Place,2414950,"Centreville, MD",7.057277500,0.000000000,0.000000000,1.000000000,0.985074627,1.000000000,0.865671642,0.985074627,0.850746269
Total,Census Place,2415075,"Chance, MD",7.057277500,0.000000000,0.000000000,1.000000000,0.910447761,0.701492537,0.537313433,0.671641791,0.507462687
Total,Census Place,2415400,"Charlestown, MD",3.054642500,0.000000000,0.000000000,1.000000000,1.000000000,1.000000000,1.000000000,1.000000000,1.000000000
Total,Census Place,2415475,"Charlotte Hall, MD",13.798557500,0.000000000,0.000000000,1.000000000,0.870229008,0.984732824,0.549618321,0.908396947,0.427480916
Total,Census Place,2415500,"Charlton, MD",0.315997500,0.000000000,0.000000000,1.000000000,1.000000000,1.000000000,1.000000000,1.000000000,1.000000000
Total,Census Place,2415925,"Chesapeake Beach, MD",7.899937500,0.000000000,0.000000000,1.000000000,0.986666667,1.000000000,0.720000000,0.973333333,0.506666667
Total,Census Place,2415950,"Chesapeake City, MD",1.895985000,0.000000000,0.000000000,1.000000000,1.000000000,1.000000000,1.000000000,1.000000000,1.000000000
Total,Census Place,2416025,"Chesapeake Landing, MD",3.159975000,0.000000000,0.000000000,0.800000000,0.000000000,0.033333333,0.000000000,0.000000000,0.000000000
Total,Census Place,2416050,"Chesapeake Ranch Estates, MD",12.639900000,0.000000000,0.000000000,1.000000000,0.550000000,0.925000000,0.650000000,0.825000000,0.441666667
Total,Census Place,2416125,"Chester, MD",18.327855000,0.000000000,0.000000000,1.000000000,0.982758621,0.982758621,0.821839080,0.908045977,0.551724138
Total,Census Place,2416225,"Chestertown, MD",8.637265000,0.000000000,0.000000000,1.000000000,1.000000000,0.951219512,0.939024390,0.951219512,0.792682927
Total,Census Place,2416550,"Cheverly, MD",3.791970000,0.000000000,0.000000000,1.000000000,1.000000000,1.000000000,1.000000000,1.000000000,1.000000000
Total,Census Place,2416620,"Chevy Chase, MD",1.053325000,0.000000000,0.000000000,1.000000000,1.000000000,1.000000000,1.000000000,1.000000000,1.000000000
Total,Census Place,2416625,"Chevy Chase, MD",6.741280000,0.000000000,0.000000000,1.000000000,1.000000000,1.000000000,0.984375000,1.000000000,0.953125000
Total,Census Place,2416720,"Chevy Chase Section Five, MD",0.315997500,0.000000000,0.000000000,1.000000000,1.000000000,1.000000000,1.000000000,1.000000000,1.000000000
Total,Census Place,2416730,"Chevy Chase Section Three, MD",0.210665000,0.000000000,0.000000000,1.000000000,1.000000000,1.000000000,1.000000000,1.000000000,1.000000000
Total,Census Place,2416775,"Chevy Chase View, MD",0.421330000,0.000000000,0.000000000,1.000000000,1.000000000,1.000000000,1.000000000,1.000000000,0.750000000
Total,Census Place,2416787,"Chevy Chase Village, MD",1.158657500,0.000000000,0.000000000,1.000000000,1.000000000,1.000000000,1.000000000,1.000000000,1.000000000
Total,Census Place,2416800,"Chewsville, MD",2.317315000,0.000000000,0.000000000,1.000000000,0.954545455,1.000000000,1.000000000,1.000000000,1.000000000
Total,Census Place,2416875,"Chillum, MD",8.953262500,0.000000000,0.000000000,1.000000000,1.000000000,1.000000000,1.000000000,1.000000000,1.000000000
Total,Census Place,2417000,"Choptank, MD",0.631995000,0.000000000,0.000000000,1.000000000,0.500000000,1.000000000,0.000000000,0.666666667,0.000000000
Total,Census Place,2417050,"Church Creek, MD",0.947992500,0.000000000,0.000000000,1.000000000,1.000000000,1.000000000,0.777777778,1.000000000,0.777777778
Total,Census Place,2417100,"Church Hill, MD",1.685320000,0.000000000,0.000000000,1.000000000,1.000000000,1.000000000,0.687500000,1.000000000,0.687500000
Total,Census Place,2417350,"Clarksburg, MD",26.227792500,0.000000000,0.000000000,1.000000000,0.955823293,0.995983936,0.951807229,0.987951807,0.855421687
Total,Census Place,2417475,"Clarysville, MD",0.315997500,0.000000000,0.000000000,1.000000000,1.000000000,1.000000000,1.000000000,1.000000000,1.000000000
Total,Census Place,2417600,"Clear Spring, MD",0.315997500,0.000000000,0.000000000,1.000000000,1.000000000,1.000000000,1.000000000,1.000000000,0.666666667
Total,Census Place,2417900,"Clinton, MD",66.570140000,0.000000000,0.000000000,1.000000000,0.939873418,0.996835443,0.833860759,0.941455696,0.656645570
Total,Census Place,2418150,"Cloverly, MD",26.543790000,0.000000000,0.000000000,1.000000000,0.960317460,1.000000000,0.857142857,0.936507937,0.714285714
Total,Census Place,2418200,"Cobb Island, MD",2.527980000,0.000000000,0.000000000,1.000000000,1.000000000,1.000000000,0.958333333,1.000000000,0.958333333
Total,Census Place,2418250,"Cockeysville, MD",32.653075000,0.000000000,0.000000000,1.000000000,0.887096774,0.990322581,0.932258065,0.948387097,0.809677419
Total,Census Place,2418475,"Colesville, MD",13.693225000,0.000000000,0.000000000,1.000000000,0.969230769,1.000000000,0.892307692,0.938461538,0.746153846
Total,Census Place,2418750,"College Park, MD",15.167880000,0.000000000,0.000000000,1.000000000,1.000000000,1.000000000,1.000000000,1.000000000,0.965277778
Total,Census Place,2418850,"Colmar Manor, MD",1.053325000,0.000000000,0.000000000,1.000000000,1.000000000,1.000000000,1.000000000,1.000000000,1.000000000
Total,Census Place,2419125,"Columbia, MD",85.635322500,0.000000000,0.000000000,1.000000000,0.958179582,0.988929889,0.940959410,0.960639606,0.888068881
Total,Census Place,2419825,"Coral Hills, MD",4.213300000,0.000000000,0.000000000,1.000000000,1.000000000,1.000000000,1.000000000,1.000000000,0.925000000
Total,Census Place,2419900,"Cordova, MD",12.850565000,0.000000000,0.000000000,1.000000000,0.852459016,0.893442623,0.262295082,0.704918033,0.114754098
Total,Census Place,2419975,"Corriganville, MD",0.842660000,0.000000000,0.000000000,1.000000000,0.875000000,1.000000000,0.625000000,1.000000000,0.500000000
Total,Census Place,2420050,"Cottage City, MD",0.737327500,0.000000000,0.000000000,1.000000000,1.000000000,1.000000000,1.000000000,1.000000000,1.000000000
Total,Census Place,2420500,"Crellin, MD",1.895985000,0.000000000,0.000000000,1.000000000,1.000000000,1.000000000,1.000000000,1.000000000,0.944444444
Total,Census Place,2420525,"Cresaptown, MD",7.373275000,0.000000000,0.000000000,1.000000000,0.985714286,1.000000000,1.000000000,1.000000000,1.000000000
Total,Census Place,2420775,"Crisfield, MD",8.321267500,0.000000000,0.000000000,1.000000000,0.974683544,0.645569620,0.632911392,0.645569620,0.544303797
Total,Census Place,2420875,"Crofton, MD",17.590527500,0.000000000,0.000000000,1.000000000,0.988023952,1.000000000,0.922155689,0.964071856,0.838323353
Total,Census Place,2420925,"Croom, MD",95.009915000,0.000000000,0.000000000,1.000000000,0.764966741,0.891352550,0.613082040,0.743902439,0.437915743
Total,Census Place,2421075,"Crownsville, MD",13.482560000,0.000000000,0.000000000,1.000000000,0.726562500,0.960937500,0.726562500,0.773437500,0.625000000
Total,Census Place,2421150,"Crumpton, MD",2.738645000,0.000000000,0.000000000,1.000000000,0.538461538,0.884615385,0.038461538,0.730769231,0.038461538
Total,Census Place,2421325,"Cumberland, MD",26.438457500,0.000000000,0.000000000,1.000000000,0.992031873,1.000000000,1.000000000,1.000000000,0.940239044
Total,Census Place,2421475,"Damascus, MD",38.025032500,0.000000000,0.000000000,1.000000000,0.914127424,1.000000000,0.914127424,0.972299169,0.761772853
Total,Census Place,2421550,"Dames Quarter, MD",49.190277500,0.000000000,0.000000000,1.000000000,0.653104925,0.730192719,0.323340471,0.556745182,0.252676660
Total,Census Place,2421675,"Danville, MD",2.843977500,0.000000000,0.000000000,1.000000000,0.481481481,0.925925926,0.555555556,0.814814815,0.037037037
Total,Census Place,2421750,"Dargan, MD",0.947992500,0.000000000,0.000000000,1.000000000,0.111111111,0.666666667,0.333333333,0.333333333,0.222222222
Total,Census Place,2421800,"Darlington, MD",2.527980000,0.000000000,0.000000000,1.000000000,0.791666667,1.000000000,1.000000000,1.000000000,0.541666667
Total,Census Place,2421825,"Darnestown, MD",46.030302500,0.000000000,0.000000000,1.000000000,0.846681922,0.917620137,0.670480549,0.748283753,0.478260870
Total,Census Place,2421925,"Dawson, MD",1.579987500,0.000000000,0.000000000,1.000000000,0.066666667,0.666666667,0.133333333,0.266666667,0.000000000
Total,Census Place,2422050,"Deale, MD",15.799875000,0.000000000,0.000000000,1.000000000,0.960000000,0.973333333,0.740000000,0.913333333,0.673333333
Total,Census Place,2422100,"Deal Island, MD",14.957215000,0.000000000,0.000000000,1.000000000,0.901408451,0.598591549,0.556338028,0.598591549,0.556338028
Total,Census Place,2422275,"Deer Park, MD",2.633312500,0.000000000,0.000000000,1.000000000,0.720000000,1.000000000,0.640000000,0.920000000,0.360000000
Total,Census Place,2422600,"Delmar, MD",4.423965000,0.000000000,0.000000000,1.000000000,1.000000000,1.000000000,1.000000000,1.000000000,0.976190476
Total,Census Place,2422725,"Denton, MD",14.430552500,0.000000000,0.000000000,1.000000000,0.897810219,0.992700730,0.715328467,0.875912409,0.503649635
Total,Census Place,2422775,"Derwood, MD",1.790652500,0.000000000,0.000000000,1.000000000,1.000000000,1.000000000,1.000000000,1.000000000,1.000000000
Total,Census Place,2422825,"Detmold, MD",0.315997500,0.000000000,0.000000000,1.000000000,1.000000000,1.000000000,1.000000000,1.000000000,1.000000000
Total,Census Place,2423025,"District Heights, MD",2.211982500,0.000000000,0.000000000,1.000000000,1.000000000,1.000000000,1.000000000,1.000000000,1.000000000
Total,Census Place,2423500,"Downsville, MD",1.790652500,0.000000000,0.000000000,1.000000000,1.000000000,1.000000000,1.000000000,1.000000000,1.000000000
Total,Census Place,2423700,"Drum Point, MD",4.634630000,0.000000000,0.000000000,1.000000000,0.659090909,0.954545455,0.886363636,0.909090909,0.590909091
Total,Census Place,2423975,"Dundalk, MD",46.135635000,0.000000000,0.000000000,1.000000000,1.000000000,1.000000000,1.000000000,1.000000000,0.995433790
Total,Census Place,2424050,"Dunkirk, MD",19.065182500,0.000000000,0.000000000,1.000000000,0.745856354,1.000000000,0.640883978,0.955801105,0.480662983
Total,Census Place,2424200,"Eagle Harbor, MD",0.210665000,0.000000000,0.000000000,1.000000000,1.000000000,1.000000000,1.000000000,1.000000000,0.500000000
Total,Census Place,2424250,"Eakles Mill, MD",0.105332500,0.000000000,0.000000000,1.000000000,1.000000000,1.000000000,1.000000000,1.000000000,1.000000000
Total,Census Place,2424450,"East New Market, MD",1.158657500,0.000000000,0.000000000,1.000000000,0.909090909,1.000000000,0.454545455,0.727272727,0.454545455
Total,Census Place,2424475,"Easton, MD",30.967755000,0.000000000,0.000000000,1.000000000,0.976190476,0.993197279,0.880952381,0.976190476,0.751700680
Total,Census Place,2424650,"East Riverdale, MD",3.897302500,0.000000000,0.000000000,1.000000000,1.000000000,1.000000000,1.000000000,1.000000000,1.000000000
Total,Census Place,2424825,"Eckhart Mines, MD",4.107967500,0.000000000,0.000000000,1.000000000,1.000000000,1.000000000,1.000000000,1.000000000,1.000000000
Total,Census Place,2424850,"Eden, MD",15.589210000,0.000000000,0.000000000,1.000000000,0.972972973,1.000000000,1.000000000,1.000000000,0.993243243
Total,Census Place,2424925,"Edesville, MD",0.737327500,0.000000000,0.000000000,1.000000000,1.000000000,1.000000000,0.714285714,1.000000000,0.714285714
Total,Census Place,2424950,"Edgemere, MD",54.246237500,0.000000000,0.000000000,1.000000000,0.951456311,1.000000000,0.949514563,0.968932039,0.904854369
Total,Census Place,2425000,"Edgemont, MD",1.369322500,0.000000000,0.000000000,1.000000000,1.000000000,1.000000000,1.000000000,1.000000000,0.923076923
Total,Census Place,2425050,"Edgewater, MD",10.111920000,0.000000000,0.000000000,1.000000000,0.989583333,1.000000000,1.000000000,1.000000000,0.927083333
Total,Census Place,2425150,"Edgewood, MD",45.608972500,0.000000000,0.000000000,1.000000000,0.986143187,1.000000000,0.988452656,0.949191686,0.831408776
Total,Census Place,2425425,"Edmonston, MD",1.053325000,0.000000000,0.000000000,1.000000000,1.000000000,1.000000000,1.000000000,1.000000000,1.000000000
Total,Census Place,2425575,"Eldersburg, MD",112.284445000,0.000000000,0.000000000,1.000000000,0.904315197,0.973733583,0.880863039,0.898686679,0.769230769
Total,Census Place,2425600,"Eldorado, MD",0.210665000,0.000000000,0.000000000,1.000000000,1.000000000,1.000000000,1.000000000,1.000000000,1.000000000
Total,Census Place,2425750,"Elkridge, MD",21.803827500,0.000000000,0.000000000,1.000000000,1.000000000,1.000000000,0.995169082,1.000000000,0.956521739
Total,Census Place,2425800,"Elkton, MD",24.121142500,0.000000000,0.000000000,1.000000000,0.991266376,1.000000000,0.991266376,1.000000000,0.960698690
Total,Census Place,2425925,"Ellerslie, MD",2.633312500,0.000000000,0.000000000,0.920000000,0.120000000,0.480000000,0.120000000,0.440000000,0.000000000
Total,Census Place,2426000,"Ellicott City, MD",79.631370000,0.000000000,0.000000000,1.000000000,0.962962963,0.989417989,0.951058201,0.957671958,0.855820106
Total,Census Place,2426025,"Elliott, MD",0.842660000,0.000000000,0.000000000,0.875000000,0.000000000,0.000000000,0.000000000,0.000000000,0.000000000
Total,Census Place,2426200,"Emmitsburg, MD",4.002635000,0.000000000,0.000000000,1.000000000,1.000000000,1.000000000,0.973684211,1.000000000,0.973684211
Total,Census Place,2426550,"Ernstville, MD",0.526662500,0.000000000,0.000000000,1.000000000,1.000000000,1.000000000,1.000000000,1.000000000,1.000000000
Total,Census Place,2426600,"Essex, MD",32.337077500,0.000000000,0.000000000,1.000000000,0.993485342,1.000000000,0.983713355,0.993485342,0.885993485
Total,Census Place,2427250,"Fairland, MD",12.850565000,0.000000000,0.000000000,1.000000000,0.967213115,0.983606557,0.844262295,0.934426230,0.803278689
Total,Census Place,2427325,"Fairlee, MD",10.217252500,0.000000000,0.000000000,1.000000000,0.845360825,0.969072165,0.659793814,0.865979381,0.494845361
Total,Census Place,2427375,"Fairmount, MD",46.346300000,0.000000000,0.000000000,1.000000000,0.729545455,0.763636364,0.379545455,0.563636364,0.293181818
Total,Census Place,2427400,"Fairmount Heights, MD",0.631995000,0.000000000,0.000000000,1.000000000,1.000000000,1.000000000,1.000000000,1.000000000,1.000000000
Total,Census Place,2427425,"Fairplay, MD",3.159975000,0.000000000,0.000000000,1.000000000,1.000000000,1.000000000,0.966666667,1.000000000,0.933333333
Total,Census Place,2427500,"Fairview, MD",0.526662500,0.000000000,0.000000000,1.000000000,1.000000000,1.000000000,1.000000000,1.000000000,1.000000000
Total,Census Place,2427580,"Fairwood, MD",9.058595000,0.000000000,0.000000000,1.000000000,1.000000000,1.000000000,1.000000000,1.000000000,0.941860465
Total,Census Place,2427700,"Fallston, MD",37.393037500,0.000000000,0.000000000,0.988732394,0.746478873,1.000000000,0.957746479,0.952112676,0.856338028
Total,Census Place,2427900,"Federalsburg, MD",5.477290000,0.000000000,0.000000000,1.000000000,1.000000000,1.000000000,1.000000000,1.000000000,0.942307692
Total,Census Place,2428075,"Ferndale, MD",10.533250000,0.000000000,0.000000000,1.000000000,1.000000000,1.000000000,1.000000000,1.000000000,1.000000000
Total,Census Place,2428275,"Finzel, MD",10.427917500,0.000000000,0.000000000,1.000000000,0.494949495,0.979797980,0.939393939,0.949494949,0.828282828
Total,Census Place,2428300,"Fishing Creek, MD",4.002635000,0.000000000,0.000000000,1.000000000,0.157894737,0.684210526,0.078947368,0.263157895,0.000000000
Total,Census Place,2428425,"Flintstone, MD",0.947992500,0.000000000,0.000000000,1.000000000,1.000000000,1.000000000,0.888888889,1.000000000,0.777777778
Total,Census Place,2428512,"Flower Hill, MD",5.477290000,0.000000000,0.000000000,1.000000000,1.000000000,1.000000000,0.980769231,1.000000000,0.903846154
Total,Census Place,2428640,"Forest Glen, MD",2.738645000,0.000000000,0.000000000,1.000000000,1.000000000,1.000000000,1.000000000,1.000000000,0.961538462
Total,Census Place,2428725,"Forest Heights, MD",4.634630000,0.000000000,0.000000000,1.000000000,1.000000000,1.000000000,1.000000000,1.000000000,0.977272727
Total,Census Place,2429000,"Forestville, MD",10.322585000,0.000000000,0.000000000,1.000000000,1.000000000,1.000000000,1.000000000,1.000000000,1.000000000
Total,Census Place,2429400,"Fort Meade, MD",21.382497500,0.000000000,0.000000000,1.000000000,1.000000000,1.000000000,0.960591133,1.000000000,0.842364532
Total,Census Place,2429450,"Fort Ritchie, MD",2.738645000,0.000000000,0.000000000,1.000000000,0.923076923,0.923076923,0.653846154,0.730769231,0.538461538
Total,Census Place,2429525,"Fort Washington, MD",44.239650000,0.000000000,0.000000000,1.000000000,0.985714286,0.997619048,0.959523810,0.985714286,0.873809524
Total,Census Place,2429712,"Fountainhead-Orchard Hills, MD",11.481242500,0.000000000,0.000000000,1.000000000,1.000000000,1.000000000,1.000000000,1.000000000,1.000000000
Total,Census Place,2429790,"Four Corners, MD",4.107967500,0.000000000,0.000000000,1.000000000,0.974358974,1.000000000,1.000000000,1.000000000,0.948717949
Total,Census Place,2430100,"Franklin, MD",0.526662500,0.000000000,0.000000000,1.000000000,0.400000000,0.600000000,0.200000000,0.400000000,0.200000000
Total,Census Place,2430325,"Frederick, MD",62.567505000,0.000000000,0.000000000,1.000000000,1.000000000,1.000000000,1.000000000,0.998316498,0.986531987
Total,Census Place,2430567,"Frenchtown-Rumbly, MD",22.646487500,0.000000000,0.000000000,1.000000000,0.432558140,0.595348837,0.079069767,0.209302326,0.004651163
Total,Census Place,2430575,"Friendly, MD",12.955897500,0.000000000,0.000000000,1.000000000,0.910569106,0.991869919,0.886178862,0.918699187,0.756097561
Total,Census Place,2430650,"Friendship, MD",4.634630000,0.000000000,0.000000000,1.000000000,0.704545455,0.863636364,0.363636364,0.750000000,0.181818182
Total,Census Place,2430800,"Friendship Heights Village, MD",0.210665000,0.000000000,0.000000000,1.000000000,1.000000000,1.000000000,1.000000000,1.000000000,1.000000000
Total,Census Place,2430850,"Friendsville, MD",2.422647500,0.000000000,0.000000000,1.000000000,0.956521739,1.000000000,0.869565217,1.000000000,0.869565217
Total,Census Place,2430900,"Frostburg, MD",8.953262500,0.000000000,0.000000000,1.000000000,1.000000000,1.000000000,1.000000000,1.000000000,1.000000000
Total,Census Place,2430950,"Fruitland, MD",10.006587500,0.000000000,0.000000000,1.000000000,0.957894737,1.000000000,1.000000000,1.000000000,1.000000000
Total,Census Place,2431025,"Fulton, MD",10.217252500,0.000000000,0.000000000,1.000000000,0.989690722,1.000000000,0.989690722,1.000000000,0.886597938
Total,Census Place,2431100,"Funkstown, MD",1.579987500,0.000000000,0.000000000,1.000000000,1.000000000,1.000000000,1.000000000,1.000000000,1.000000000
Total,Census Place,2431175,"Gaithersburg, MD",28.334442500,0.000000000,0.000000000,1.000000000,1.000000000,1.000000000,0.996282528,0.996282528,0.925650558
Total,Census Place,2431225,"Galena, MD",1.053325000,0.000000000,0.000000000,1.000000000,1.000000000,1.000000000,1.000000000,0.900000000,0.900000000
Total,Census Place,2431250,"Galestown, MD",0.737327500,0.000000000,0.000000000,1.000000000,1.000000000,1.000000000,0.428571429,1.000000000,0.428571429
Total,Census Place,2431275,"Galesville, MD",4.529297500,0.000000000,0.000000000,1.000000000,1.000000000,1.000000000,1.000000000,0.976744186,0.883720930
Total,Census Place,2431350,"Gambrills, MD",20.013175000,0.000000000,0.000000000,1.000000000,1.000000000,1.000000000,0.947368421,0.973684211,0.805263158
Total,Census Place,2431400,"Gapland, MD",0.526662500,0.000000000,0.000000000,1.000000000,1.000000000,1.000000000,1.000000000,1.000000000,1.000000000
Total,Census Place,2431525,"Garrett Park, MD",0.737327500,0.000000000,0.000000000,1.000000000,1.000000000,1.000000000,1.000000000,1.000000000,0.857142857
Total,Census Place,2431575,"Garretts Mill, MD",1.369322500,0.000000000,0.000000000,1.000000000,0.615384615,0.923076923,0.461538462,0.923076923,0.461538462
Total,Census Place,2431625,"Garrison, MD",8.426600000,0.000000000,0.000000000,1.000000000,0.987500000,1.000000000,0.975000000,0.975000000,0.875000000
Total,Census Place,2431875,"Georgetown, MD",4.107967500,0.000000000,0.000000000,1.000000000,0.820512821,0.897435897,0.282051282,0.666666667,0.230769231
Total,Census Place,2432025,"Germantown, MD",45.398307500,0.000000000,0.000000000,1.000000000,0.967517401,1.000000000,0.990719258,0.997679814,0.918793503
Total,Census Place,2432175,"Gilmore, MD",0.210665000,0.000000000,0.000000000,1.000000000,0.500000000,1.000000000,1.000000000,1.000000000,0.000000000
Total,Census Place,2432250,"Girdletree, MD",1.685320000,0.000000000,0.000000000,1.000000000,0.937500000,0.875000000,0.312500000,0.500000000,0.125000000
Total,Census Place,2432350,"Glassmanor, MD",6.109285000,0.000000000,0.000000000,1.000000000,1.000000000,1.000000000,1.000000000,1.000000000,1.000000000
Total,Census Place,2432500,"Glenarden, MD",3.054642500,0.000000000,0.000000000,1.000000000,1.000000000,1.000000000,1.000000000,1.000000000,0.965517241
Total,Census Place,2432650,"Glen Burnie, MD",47.715622500,0.000000000,0.000000000,1.000000000,0.997792494,1.000000000,1.000000000,1.000000000,0.951434879
Total,Census Place,2432900,"Glen Echo, MD",0.315997500,0.000000000,0.000000000,1.000000000,1.000000000,1.000000000,1.000000000,1.000000000,1.000000000
Total,Census Place,2433250,"Glenmont, MD",7.583940000,0.000000000,0.000000000,1.000000000,1.000000000,1.000000000,1.000000000,1.000000000,0.875000000
Total,Census Place,2433400,"Glenn Dale, MD",19.275847500,0.000000000,0.000000000,1.000000000,0.983606557,1.000000000,0.939890710,0.983606557,0.737704918
Total,Census Place,2433850,"Golden Beach, MD",12.745232500,0.000000000,0.000000000,1.000000000,0.909090909,1.000000000,0.446280992,0.834710744,0.314049587
Total,Census Place,2433950,"Goldsboro, MD",2.106650000,0.000000000,0.000000000,1.000000000,1.000000000,1.000000000,1.000000000,1.000000000,1.000000000
Total,Census Place,2434150,"Gorman, MD",3.686637500,0.000000000,0.000000000,0.942857143,0.342857143,0.857142857,0.400000000,0.257142857,0.000000000
Total,Census Place,2434350,"Graceham, MD",1.158657500,0.000000000,0.000000000,1.000000000,1.000000000,1.000000000,1.000000000,1.000000000,1.000000000
Total,Census Place,2434425,"Grahamtown, MD",0.315997500,0.000000000,0.000000000,1.000000000,1.000000000,1.000000000,1.000000000,1.000000000,1.000000000
Total,Census Place,2434525,"Grantsville, MD",2.633312500,0.000000000,0.000000000,1.000000000,1.000000000,1.000000000,0.840000000,1.000000000,0.680000000
Total,Census Place,2434550,"Grasonville, MD",16.747867500,0.000000000,0.000000000,1.000000000,0.886792453,1.000000000,0.993710692,1.000000000,0.981132075
Total,Census Place,2434775,"Greenbelt, MD",16.747867500,0.000000000,0.000000000,1.000000000,1.000000000,1.000000000,0.968553459,0.993710692,0.886792453
Total,Census Place,2435200,"Greensboro, MD",2.738645000,0.000000000,0.000000000,1.000000000,1.000000000,1.000000000,1.000000000,1.000000000,1.000000000
Total,Census Place,2435225,"Greensburg, MD",1.053325000,0.000000000,0.000000000,1.000000000,1.000000000,1.000000000,1.000000000,1.000000000,1.000000000
Total,Census Place,2435412,"Green Valley, MD",45.292975000,0.000000000,0.000000000,1.000000000,0.848837209,0.993023256,0.934883721,0.967441860,0.809302326
Total,Census Place,2436075,"Hagerstown, MD",32.653075000,0.000000000,0.000000000,1.000000000,1.000000000,1.000000000,1.000000000,1.000000000,0.996774194
Total,Census Place,2436125,"Halfway, MD",12.639900000,0.000000000,0.000000000,1.000000000,1.000000000,1.000000000,1.000000000,1.000000000,1.000000000
Total,Census Place,2436500,"Hampstead, MD",9.269260000,0.000000000,0.000000000,1.000000000,1.000000000,1.000000000,0.977272727,1.000000000,0.954545455
Total,Census Place,2436512,"Hampton, MD",16.747867500,0.000000000,0.000000000,1.000000000,0.943396226,1.000000000,0.949685535,0.968553459,0.867924528
Total,Census Place,2436600,"Hancock, MD",7.267942500,0.000000000,0.000000000,1.000000000,1.000000000,1.000000000,0.927536232,1.000000000,0.753623188
Total,Census Place,2437600,"Havre de Grace, MD",16.326537500,0.000000000,0.000000000,0.935483871,0.935483871,1.000000000,1.000000000,1.000000000,1.000000000
Total,Census Place,2437875,"Hebron, MD",3.265307500,0.000000000,0.000000000,1.000000000,0.935483871,1.000000000,0.645161290,0.935483871,0.129032258
Total,Census Place,2437925,"Henderson, MD",0.315997500,0.000000000,0.000000000,1.000000000,1.000000000,1.000000000,0.000000000,0.333333333,0.000000000
Total,Census Place,2438025,"Herald Harbor, MD",6.951945000,0.000000000,0.000000000,1.000000000,0.863636364,0.954545455,0.833333333,0.863636364,0.560606061
Total,Census Place,2438437,"Highfield-Cascade, MD",4.423965000,0.000000000,0.000000000,1.000000000,1.000000000,1.000000000,1.000000000,1.000000000,0.785714286
Total,Census Place,2438475,"Highland, MD",6.214617500,0.000000000,0.000000000,1.000000000,0.898305085,1.000000000,0.949152542,0.932203390,0.864406780
Total,Census Place,2438500,"Highland Beach, MD",0.105332500,0.000000000,0.000000000,1.000000000,1.000000000,1.000000000,1.000000000,1.000000000,1.000000000
Total,Census Place,2438850,"Hillandale, MD",4.845295000,0.000000000,0.000000000,1.000000000,1.000000000,1.000000000,1.000000000,1.000000000,0.934782609
Total,Census Place,2438975,"Hillcrest Heights, MD",6.846612500,0.000000000,0.000000000,1.000000000,1.000000000,1.000000000,0.984615385,1.000000000,0.953846154
Total,Census Place,2439175,"Hillsboro, MD",0.315997500,0.000000000,0.000000000,1.000000000,1.000000000,1.000000000,1.000000000,1.000000000,1.000000000
Total,Census Place,2440200,"Honeygo, MD",15.589210000,0.000000000,0.000000000,1.000000000,1.000000000,1.000000000,0.966216216,0.993243243,0.891891892
Total,Census Place,2440700,"Hughesville, MD",30.335760000,0.000000000,0.000000000,1.000000000,0.954861111,1.000000000,0.878472222,0.937500000,0.746527778
Total,Census Place,2441025,"Huntingtown, MD",21.803827500,0.000000000,0.000000000,1.000000000,0.995169082,1.000000000,0.859903382,0.961352657,0.753623188
Total,Census Place,2441125,"Hurlock, MD",7.162610000,0.000000000,0.000000000,1.000000000,0.985294118,1.000000000,0.926470588,0.970588235,0.852941176
Total,Census Place,2441175,"Hutton, MD",0.421330000,0.000000000,0.000000000,1.000000000,1.000000000,1.000000000,0.250000000,1.000000000,0.250000000
Total,Census Place,2441250,"Hyattsville, MD",7.583940000,0.000000000,0.000000000,1.000000000,1.000000000,1.000000000,1.000000000,1.000000000,1.000000000
Total,Census Place,2441475,"Ilchester, MD",28.545107500,0.000000000,0.000000000,0.996309963,0.907749077,0.963099631,0.878228782,0.892988930,0.771217712
Total,Census Place,2441500,"Indian Head, MD",3.159975000,0.000000000,0.000000000,1.000000000,1.000000000,1.000000000,1.000000000,1.000000000,1.000000000
Total,Census Place,2441700,"Indian Springs, MD",0.421330000,0.000000000,0.000000000,1.000000000,1.000000000,1.000000000,1.000000000,1.000000000,0.000000000
Total,Census Place,2442325,"Jarrettsville, MD",22.646487500,0.000000000,0.000000000,1.000000000,0.934883721,0.995348837,0.920930233,0.939534884,0.827906977
Total,Census Place,2442350,"Jefferson, MD",7.267942500,0.000000000,0.000000000,1.000000000,1.000000000,1.000000000,1.000000000,1.000000000,0.956521739
Total,Census Place,2442450,"Jennings, MD",0.737327500,0.000000000,0.000000000,1.000000000,0.285714286,0.285714286,0.000000000,0.000000000,0.000000000
Total,Census Place,2442550,"Jessup, MD",16.115872500,0.000000000,0.000000000,1.000000000,1.000000000,1.000000000,1.000000000,1.000000000,0.986928105
Total,Census Place,2442575,"Jesterville, MD",4.002635000,0.000000000,0.000000000,0.657894737,0.000000000,0.184210526,0.000000000,0.157894737,0.000000000
Total,Census Place,2442875,"Joppatowne, MD",19.170515000,0.000000000,0.000000000,1.000000000,0.917582418,1.000000000,1.000000000,1.000000000,0.961538462
Total,Census Place,2442950,"Jugtown, MD",0.842660000,0.000000000,0.000000000,1.000000000,0.750000000,1.000000000,1.000000000,1.000000000,1.000000000
Total,Census Place,2443100,"Keedysville, MD",2.633312500,0.000000000,0.000000000,1.000000000,1.000000000,1.000000000,1.000000000,1.000000000,1.000000000
Total,Census Place,2443200,"Kemp Mill, MD",6.635947500,0.000000000,0.000000000,1.000000000,1.000000000,1.000000000,0.984126984,0.984126984,0.936507937
Total,Census Place,2443280,"Kemps Mill, MD",0.737327500,0.000000000,0.000000000,1.000000000,1.000000000,1.000000000,1.000000000,1.000000000,0.857142857
Total,Census Place,2443475,"Kennedyville, MD",1.263990000,0.000000000,0.000000000,1.000000000,0.583333333,0.833333333,0.166666667,0.333333333,0.166666667
Total,Census Place,2443500,"Kensington, MD",1.158657500,0.000000000,0.000000000,1.000000000,1.000000000,1.000000000,1.000000000,1.000000000,1.000000000
Total,Census Place,2443725,"Kent Narrows, MD",8.742597500,0.000000000,0.000000000,1.000000000,1.000000000,1.000000000,1.000000000,1.000000000,0.915662651
Total,Census Place,2443900,"Kettering, MD",14.325220000,0.000000000,0.000000000,1.000000000,1.000000000,1.000000000,0.963235294,0.970588235,0.786764706
Total,Census Place,2444325,"Kingstown, MD",6.635947500,0.000000000,0.000000000,1.000000000,0.952380952,1.000000000,0.777777778,0.968253968,0.603174603
Total,Census Place,2444350,"Kingsville, MD",26.333125000,0.000000000,0.000000000,0.996000000,0.804000000,1.000000000,0.996000000,0.992000000,0.900000000
Total,Census Place,2444450,"Kitzmiller, MD",0.631995000,0.000000000,0.000000000,0.166666667,0.000000000,0.000000000,0.000000000,0.000000000,0.000000000
Total,Census Place,2444525,"Klondike, MD",0.947992500,0.000000000,0.000000000,1.000000000,1.000000000,1.000000000,1.000000000,1.000000000,1.000000000
Total,Census Place,2444715,"Konterra, MD",16.431870000,0.000000000,0.000000000,1.000000000,1.000000000,1.000000000,1.000000000,1.000000000,0.993589744
Total,Census Place,2444817,"Lake Arbor, MD",10.954580000,0.000000000,0.000000000,1.000000000,0.990384615,1.000000000,0.923076923,0.980769231,0.759615385
Total,Census Place,2444975,"Lake Shore, MD",46.662297500,0.000000000,0.000000000,1.000000000,0.891647856,1.000000000,0.993227991,0.990970655,0.902934537
Total,Census Place,2445325,"Landover, MD",10.743915000,0.000000000,0.000000000,1.000000000,1.000000000,1.000000000,1.000000000,1.000000000,0.990196078
Total,Census Place,2445400,"Landover Hills, MD",0.947992500,0.000000000,0.000000000,1.000000000,1.000000000,1.000000000,1.000000000,1.000000000,1.000000000
Total,Census Place,2445525,"Langley Park, MD",2.738645000,0.000000000,0.000000000,1.000000000,1.000000000,1.000000000,1.000000000,1.000000000,1.000000000
Total,Census Place,2445550,"Lanham, MD",9.795922500,0.000000000,0.000000000,1.000000000,0.989247312,1.000000000,1.000000000,1.000000000,0.935483871
Total,Census Place,2445650,"Lansdowne, MD",6.319950000,0.000000000,0.000000000,1.000000000,1.000000000,1.000000000,1.000000000,1.000000000,1.000000000
Total,Census Place,2445750,"La Plata, MD",19.591845000,0.000000000,0.000000000,1.000000000,0.978494624,1.000000000,0.940860215,0.994623656,0.919354839
Total,Census Place,2445825,"Largo, MD",8.215935000,0.000000000,0.000000000,1.000000000,1.000000000,1.000000000,1.000000000,1.000000000,1.000000000
Total,Census Place,2445900,"Laurel, MD",12.323902500,0.000000000,0.000000000,1.000000000,1.000000000,1.000000000,1.000000000,1.000000000,0.957264957
Total,Census Place,2446075,"La Vale, MD",24.331807500,0.000000000,0.000000000,0.991341991,0.783549784,0.995670996,0.935064935,0.930735931,0.831168831
Total,Census Place,2446150,"Layhill, MD",4.423965000,0.000000000,0.000000000,1.000000000,1.000000000,1.000000000,0.904761905,0.952380952,0.761904762
Total,Census Place,2446250,"Laytonsville, MD",2.738645000,0.000000000,0.000000000,1.000000000,1.000000000,1.000000000,1.000000000,1.000000000,1.000000000
Total,Census Place,2446375,"Leisure World, MD",3.054642500,0.000000000,0.000000000,1.000000000,1.000000000,1.000000000,1.000000000,1.000000000,1.000000000
Total,Census Place,2446400,"Leitersburg, MD",4.634630000,0.000000000,0.000000000,1.000000000,0.772727273,1.000000000,0.863636364,0.772727273,0.431818182
Total,Census Place,2446475,"Leonardtown, MD",10.743915000,0.000000000,0.000000000,1.000000000,0.911764706,1.000000000,0.960784314,0.950980392,0.872549020
Total,Census Place,2446650,"Lewistown, MD",1.474655000,0.000000000,0.000000000,1.000000000,1.000000000,1.000000000,1.000000000,1.000000000,1.000000000
Total,Census Place,2446725,"Lexington Park, MD",16.431870000,0.000000000,0.000000000,1.000000000,0.974358974,0.967948718,0.807692308,0.884615385,0.692307692
Total,Census Place,2446800,"Libertytown, MD",6.635947500,0.000000000,0.000000000,1.000000000,0.952380952,1.000000000,0.952380952,0.968253968,0.761904762
Total,Census Place,2447040,"Linganore, MD",22.330490000,0.000000000,0.000000000,1.000000000,0.735849057,0.990566038,0.849056604,0.929245283,0.655660377
Total,Census Place,2447125,"Linthicum, MD",14.430552500,0.000000000,0.000000000,1.000000000,0.992700730,1.000000000,0.992700730,0.992700730,0.970802920
Total,Census Place,2447250,"Lisbon, MD",4.002635000,0.000000000,0.000000000,1.000000000,1.000000000,1.000000000,1.000000000,1.000000000,0.947368421
Total,Census Place,2447275,"Little Orleans, MD",3.265307500,0.000000000,0.000000000,1.000000000,0.258064516,0.935483871,0.064516129,0.419354839,0.064516129
Total,Census Place,2447450,"Lochearn, MD",15.062547500,0.000000000,0.000000000,1.000000000,0.993006993,1.000000000,1.000000000,1.000000000,0.993006993
Total,Census Place,2447525,"Loch Lynn Heights, MD",0.842660000,0.000000000,0.000000000,1.000000000,1.000000000,1.000000000,1.000000000,1.000000000,0.625000000
Total,Census Place,2447875,"Lonaconing, MD",0.947992500,0.000000000,0.000000000,1.000000000,1.000000000,1.000000000,1.000000000,1.000000000,0.888888889
Total,Census Place,2448025,"Long Beach, MD",4.529297500,0.000000000,0.000000000,1.000000000,0.534883721,0.953488372,0.465116279,0.813953488,0.232558140
Total,Census Place,2448775,"Luke, MD",0.737327500,0.000000000,0.000000000,1.000000000,0.714285714,1.000000000,0.428571429,0.857142857,0.142857143
Total,Census Place,2448800,"Lusby, MD",9.690590000,0.000000000,0.000000000,1.000000000,0.847826087,1.000000000,0.978260870,0.989130435,0.869565217
Total,Census Place,2448875,"Lutherville, MD",5.371957500,0.000000000,0.000000000,1.000000000,1.000000000,1.000000000,0.960784314,1.000000000,0.882352941
Total,Census Place,2449325,"McCoole, MD",3.370640000,0.000000000,0.000000000,1.000000000,0.906250000,1.000000000,0.718750000,0.968750000,0.437500000
Total,Census Place,2449700,"Madison, MD",8.953262500,0.000000000,0.000000000,1.000000000,0.929411765,1.000000000,0.752941176,0.988235294,0.717647059
Total,Census Place,2449950,"Manchester, MD",6.635947500,0.000000000,0.000000000,1.000000000,1.000000000,1.000000000,0.936507937,0.984126984,0.857142857
Total,Census Place,2450375,"Mapleville, MD",1.158657500,0.000000000,0.000000000,1.000000000,1.000000000,1.000000000,1.000000000,1.000000000,1.000000000
Total,Census Place,2450525,"Mardela Springs, MD",1.158657500,0.000000000,0.000000000,1.000000000,1.000000000,1.000000000,0.818181818,1.000000000,0.636363636
Total,Census Place,2450680,"Marlboro Meadows, MD",16.326537500,0.000000000,0.000000000,1.000000000,0.774193548,1.000000000,0.890322581,0.941935484,0.632258065
Total,Census Place,2450685,"Marlboro Village, MD",10.533250000,0.000000000,0.000000000,1.000000000,0.990000000,1.000000000,1.000000000,1.000000000,0.980000000
Total,Census Place,2450750,"Marlow Heights, MD",5.371957500,0.000000000,0.000000000,1.000000000,1.000000000,1.000000000,1.000000000,1.000000000,1.000000000
Total,Census Place,2450775,"Marlton, MD",15.799875000,0.000000000,0.000000000,1.000000000,0.993333333,1.000000000,0.946666667,0.986666667,0.846666667
Total,Census Place,2450965,"Martin's Additions, MD",0.315997500,0.000000000,0.000000000,1.000000000,1.000000000,1.000000000,1.000000000,1.000000000,1.000000000
Total,Census Place,2451025,"Marydel, MD",0.315997500,0.000000000,0.000000000,1.000000000,1.000000000,1.000000000,1.000000000,1.000000000,1.000000000
Total,Census Place,2451075,"Maryland City, MD",20.118507500,0.000000000,0.000000000,1.000000000,1.000000000,1.000000000,0.973821990,1.000000000,0.931937173
Total,Census Place,2451125,"Maryland Park, MD",0.526662500,0.000000000,0.000000000,1.000000000,1.000000000,1.000000000,1.000000000,1.000000000,1.000000000
Total,Census Place,2451425,"Maugansville, MD",6.846612500,0.000000000,0.000000000,1.000000000,1.000000000,1.000000000,1.000000000,1.000000000,1.000000000
Total,Census Place,2451575,"Mayo, MD",25.174467500,0.000000000,0.000000000,1.000000000,0.983263598,1.000000000,0.979079498,0.979079498,0.907949791
Total,Census Place,2451587,"Mays Chapel, MD",9.585257500,0.000000000,0.000000000,1.000000000,0.989010989,1.000000000,0.945054945,1.000000000,0.879120879
Total,Census Place,2451800,"Mechanicsville, MD",14.325220000,0.000000000,0.000000000,1.000000000,0.963235294,0.992647059,0.669117647,0.860294118,0.551470588
Total,Census Place,2451940,"Melwood, MD",7.478607500,0.000000000,0.000000000,1.000000000,1.000000000,1.000000000,0.971830986,1.000000000,0.929577465
Total,Census Place,2451945,"Mercersville, MD",0.842660000,0.000000000,0.000000000,0.750000000,0.000000000,0.500000000,0.125000000,0.000000000,0.000000000
Total,Census Place,2452225,"Middleburg, MD",0.210665000,0.000000000,0.000000000,1.000000000,1.000000000,1.000000000,1.000000000,1.000000000,1.000000000
Total,Census Place,2452300,"Middle River, MD",36.129047500,0.000000000,0.000000000,1.000000000,0.965014577,1.000000000,0.973760933,0.991253644,0.860058309
Total,Census Place,2452425,"Middletown, MD",5.582622500,0.000000000,0.000000000,1.000000000,1.000000000,1.000000000,1.000000000,1.000000000,0.962264151
Total,Census Place,2452475,"Midland, MD",0.315997500,0.000000000,0.000000000,1.000000000,0.666666667,1.000000000,0.666666667,0.333333333,0.000000000
Total,Census Place,2452525,"Midlothian, MD",2.001317500,0.000000000,0.000000000,1.000000000,1.000000000,1.000000000,1.000000000,1.000000000,0.947368421
Total,Census Place,2452562,"Milford Mill, MD",18.222522500,0.000000000,0.000000000,1.000000000,1.000000000,1.000000000,0.994219653,0.994219653,0.965317919
Total,Census Place,2452825,"Millington, MD",1.895985000,0.000000000,0.000000000,1.000000000,0.666666667,0.888888889,0.388888889,0.888888889,0.388888889
Total,Census Place,2452975,"Mitchellville, MD",12.850565000,0.000000000,0.000000000,1.000000000,1.000000000,1.000000000,0.983606557,0.991803279,0.893442623
Total,Census Place,2453100,"Monrovia, MD",6.109285000,0.000000000,0.000000000,1.000000000,1.000000000,1.000000000,1.000000000,1.000000000,1.000000000
Total,Census Place,2453325,"Montgomery Village, MD",10.849247500,0.000000000,0.000000000,1.000000000,1.000000000,1.000000000,1.000000000,1.000000000,0.922330097
Total,Census Place,2453625,"Morningside, MD",1.685320000,0.000000000,0.000000000,1.000000000,1.000000000,1.000000000,1.000000000,1.000000000,1.000000000
Total,Census Place,2453700,"Moscow, MD",0.631995000,0.000000000,0.000000000,1.000000000,1.000000000,1.000000000,1.000000000,1.000000000,1.000000000
Total,Census Place,2453750,"Mount Aetna, MD",3.686637500,0.000000000,0.000000000,1.000000000,0.571428571,1.000000000,1.000000000,0.942857143,0.828571429
Total,Census Place,2453800,"Mountain Lake Park, MD",5.266625000,0.000000000,0.000000000,1.000000000,1.000000000,1.000000000,0.980000000,1.000000000,0.780000000
Total,Census Place,2453875,"Mount Airy, MD",10.849247500,0.000000000,0.000000000,1.000000000,1.000000000,1.000000000,1.000000000,1.000000000,0.980582524
Total,Census Place,2453925,"Mount Briar, MD",1.579987500,0.000000000,0.000000000,1.000000000,0.866666667,1.000000000,0.933333333,0.933333333,0.800000000
Total,Census Place,2454125,"Mount Lena, MD",3.475972500,0.000000000,0.000000000,1.000000000,1.000000000,1.000000000,1.000000000,1.000000000,1.000000000
Total,Census Place,2454275,"Mount Rainier, MD",1.790652500,0.000000000,0.000000000,1.000000000,1.000000000,1.000000000,1.000000000,1.000000000,1.000000000
Total,Census Place,2454325,"Mount Savage, MD",2.317315000,0.000000000,0.000000000,0.954545455,0.136363636,0.545454545,0.090909091,0.318181818,0.000000000
Total,Census Place,2454375,"Mount Vernon, MD",42.027667500,0.000000000,0.000000000,1.000000000,0.446115288,0.822055138,0.441102757,0.390977444,0.145363409
Total,Census Place,2454875,"Myersville, MD",2.949310000,0.000000000,0.000000000,1.000000000,1.000000000,1.000000000,0.964285714,1.000000000,0.821428571
Total,Census Place,2454925,"Nanticoke, MD",7.267942500,0.000000000,0.000000000,0.550724638,0.130434783,0.217391304,0.000000000,0.173913043,0.000000000
Total,Census Place,2454930,"Nanticoke Acres, MD",0.737327500,0.000000000,0.000000000,0.428571429,0.000000000,0.142857143,0.000000000,0.142857143,0.000000000
Total,Census Place,2455000,"National, MD",0.631995000,0.000000000,0.000000000,1.000000000,1.000000000,1.000000000,1.000000000,1.000000000,0.500000000
Total,Census Place,2455018,"National Harbor, MD",4.318632500,0.000000000,0.000000000,1.000000000,1.000000000,1.000000000,1.000000000,1.000000000,1.000000000
Total,Census Place,2455050,"Naval Academy, MD",2.211982500,0.000000000,0.000000000,1.000000000,1.000000000,1.000000000,1.000000000,1.000000000,0.952380952
Total,Census Place,2455325,"Newark, MD",25.490465000,0.000000000,0.000000000,1.000000000,0.615702479,0.669421488,0.190082645,0.433884298,0.128099174
Total,Census Place,2455400,"New Carrollton, MD",4.107967500,0.000000000,0.000000000,1.000000000,1.000000000,1.000000000,1.000000000,1.000000000,1.000000000
Total,Census Place,2455650,"New Market, MD",4.423965000,0.000000000,0.000000000,1.000000000,1.000000000,1.000000000,1.000000000,1.000000000,1.000000000
Total,Census Place,2455925,"New Windsor, MD",1.579987500,0.000000000,0.000000000,1.000000000,1.000000000,1.000000000,1.000000000,1.000000000,0.866666667
Total,Census Place,2455950,"Nikep, MD",0.315997500,0.000000000,0.000000000,1.000000000,1.000000000,1.000000000,1.000000000,1.000000000,1.000000000
Total,Census Place,2456300,"North Beach, MD",0.947992500,0.000000000,0.000000000,1.000000000,1.000000000,1.000000000,1.000000000,1.000000000,1.000000000
Total,Census Place,2456337,"North Bethesda, MD",23.489147500,0.000000000,0.000000000,1.000000000,0.995515695,1.000000000,0.973094170,0.995515695,0.874439462
Total,Census Place,2456375,"North Brentwood, MD",0.315997500,0.000000000,0.000000000,1.000000000,1.000000000,1.000000000,1.000000000,1.000000000,1.000000000
Total,Census Place,2456400,"North Chevy Chase, MD",0.210665000,0.000000000,0.000000000,1.000000000,1.000000000,1.000000000,1.000000000,1.000000000,0.500000000
Total,Census Place,2456450,"North East, MD",6.109285000,0.000000000,0.000000000,1.000000000,1.000000000,1.000000000,1.000000000,1.000000000,0.982758621
Total,Census Place,2456712,"North Kensington, MD",4.002635000,0.000000000,0.000000000,1.000000000,1.000000000,1.000000000,1.000000000,1.000000000,0.973684211
Total,Census Place,2456725,"North Laurel, MD",17.274530000,0.000000000,0.000000000,1.000000000,1.000000000,1.000000000,0.987804878,1.000000000,0.890243902
Total,Census Place,2456875,"North Potomac, MD",17.485195000,0.000000000,0.000000000,1.000000000,0.993975904,1.000000000,0.921686747,0.987951807,0.728915663
Total,Census Place,2457650,"Oakland, MD",7.162610000,0.000000000,0.000000000,1.000000000,0.985294118,1.000000000,0.970588235,1.000000000,0.750000000
Total,Census Place,2458215,"Ocean, MD",0.105332500,0.000000000,0.000000000,1.000000000,0.000000000,1.000000000,1.000000000,1.000000000,1.000000000
Total,Census Place,2458225,"Ocean City, MD",25.911795000,0.000000000,0.000000000,1.000000000,1.000000000,1.000000000,0.817073171,1.000000000,0.731707317
Total,Census Place,2458275,"Ocean Pines, MD",24.542472500,0.000000000,0.000000000,1.000000000,0.969957082,0.965665236,0.360515021,0.819742489,0.266094421
Total,Census Place,2458300,"Odenton, MD",39.078357500,0.000000000,0.000000000,1.000000000,0.994609164,1.000000000,0.989218329,0.983827493,0.946091644
Total,Census Place,2458775,"Oldtown, MD",0.947992500,0.000000000,0.000000000,1.000000000,1.000000000,1.000000000,1.000000000,1.000000000,1.000000000
Total,Census Place,2458900,"Olney, MD",43.080992500,0.000000000,0.000000000,1.000000000,0.987775061,0.997555012,0.892420538,0.963325183,0.782396088
Total,Census Place,2459325,"Overlea, MD",7.794605000,0.000000000,0.000000000,1.000000000,1.000000000,1.000000000,1.000000000,1.000000000,0.986486486
Total,Census Place,2459375,"Owings, MD",10.533250000,0.000000000,0.000000000,1.000000000,0.930000000,1.000000000,0.340000000,0.830000000,0.290000000
Total,Census Place,2459425,"Owings Mills, MD",24.858470000,0.000000000,0.000000000,1.000000000,1.000000000,1.000000000,1.000000000,1.000000000,0.957627119
Total,Census Place,2459450,"Oxford, MD",2.422647500,0.000000000,0.000000000,1.000000000,0.913043478,0.565217391,0.565217391,0.565217391,0.565217391
Total,Census Place,2459500,"Oxon Hill, MD",17.590527500,0.000000000,0.000000000,1.000000000,0.994011976,1.000000000,0.988023952,1.000000000,0.964071856
Total,Census Place,2459787,"Paramount-Long Meadow, MD",5.477290000,0.000000000,0.000000000,1.000000000,1.000000000,1.000000000,1.000000000,1.000000000,1.000000000
Total,Census Place,2460275,"Parkville, MD",11.375910000,0.000000000,0.000000000,1.000000000,1.000000000,1.000000000,1.000000000,1.000000000,1.000000000
Total,Census Place,2460325,"Parole, MD",31.389085000,0.000000000,0.000000000,1.000000000,0.966442953,1.000000000,0.976510067,0.983221477,0.889261745
Total,Census Place,2460425,"Parsonsburg, MD",3.686637500,0.000000000,0.000000000,1.000000000,0.714285714,1.000000000,0.657142857,0.828571429,0.257142857
Total,Census Place,2460475,"Pasadena, MD",43.607655000,0.000000000,0.000000000,1.000000000,0.978260870,1.000000000,0.968599034,0.983091787,0.840579710
Total,Census Place,2460770,"Pecktonville, MD",1.790652500,0.000000000,0.000000000,1.000000000,0.823529412,1.000000000,0.705882353,1.000000000,0.529411765
Total,Census Place,2460950,"Peppermill Village, MD",2.001317500,0.000000000,0.000000000,1.000000000,1.000000000,1.000000000,1.000000000,1.000000000,1.000000000
Total,Census Place,2460975,"Perry Hall, MD",18.117190000,0.000000000,0.000000000,1.000000000,0.947674419,0.988372093,0.965116279,0.959302326,0.936046512
Total,Census Place,2461075,"Perryman, MD",14.430552500,0.000000000,0.000000000,1.000000000,1.000000000,1.000000000,0.992700730,1.000000000,0.941605839
Total,Census Place,2461150,"Perryville, MD",7.267942500,0.000000000,0.000000000,1.000000000,1.000000000,1.000000000,1.000000000,1.000000000,1.000000000
Total,Census Place,2461400,"Pikesville, MD",32.337077500,0.000000000,0.000000000,1.000000000,0.947882736,1.000000000,0.931596091,0.941368078,0.814332248
Total,Census Place,2461700,"Pinesburg, MD",1.790652500,0.000000000,0.000000000,1.000000000,0.941176471,1.000000000,1.000000000,1.000000000,1.000000000
Total,Census Place,2461875,"Piney Point, MD",4.950627500,0.000000000,0.000000000,1.000000000,0.957446809,1.000000000,1.000000000,1.000000000,1.000000000
Total,Census Place,2462025,"Pittsville, MD",4.107967500,0.000000000,0.000000000,1.000000000,1.000000000,1.000000000,1.000000000,1.000000000,1.000000000
Total,Census Place,2462100,"Pleasant Grove, MD",4.213300000,0.000000000,0.000000000,1.000000000,1.000000000,1.000000000,1.000000000,1.000000000,1.000000000
Total,Census Place,2462175,"Pleasant Hills, MD",11.375910000,0.000000000,0.000000000,1.000000000,0.787037037,0.962962963,0.962962963,0.944444444,0.861111111
Total,Census Place,2462475,"Pocomoke City, MD",11.481242500,0.000000000,0.000000000,1.000000000,0.853211009,1.000000000,0.981651376,1.000000000,0.944954128
Total,Census Place,2462575,"Point of Rocks, MD",2.843977500,0.000000000,0.000000000,1.000000000,1.000000000,1.000000000,1.000000000,1.000000000,1.000000000
Total,Census Place,2462675,"Pomfret, MD",7.267942500,0.000000000,0.000000000,1.000000000,0.666666667,0.869565217,0.405797101,0.405797101,0.144927536
Total,Census Place,2462775,"Pondsville, MD",0.737327500,0.000000000,0.000000000,1.000000000,0.857142857,1.000000000,1.000000000,1.000000000,0.714285714
Total,Census Place,2462850,"Poolesville, MD",10.533250000,0.000000000,0.000000000,1.000000000,0.980000000,1.000000000,0.820000000,0.970000000,0.650000000
Total,Census Place,2463075,"Port Deposit, MD",6.109285000,0.000000000,0.000000000,1.000000000,0.706896552,0.982758621,0.965517241,0.948275862,0.758620690
Total,Census Place,2463225,"Port Tobacco Village, MD",0.421330000,0.000000000,0.000000000,1.000000000,0.250000000,1.000000000,0.750000000,0.250000000,0.000000000
Total,Census Place,2463300,"Potomac, MD",70.678107500,0.000000000,0.000000000,1.000000000,0.923994039,0.949329359,0.791356185,0.855439642,0.636363636
Total,Census Place,2463375,"Potomac Heights, MD",3.686637500,0.000000000,0.000000000,1.000000000,1.000000000,1.000000000,1.000000000,1.000000000,1.000000000
Total,Census Place,2463425,"Potomac Park, MD",1.053325000,0.000000000,0.000000000,1.000000000,1.000000000,1.000000000,1.000000000,1.000000000,1.000000000
Total,Census Place,2463725,"Powellville, MD",4.318632500,0.000000000,0.000000000,1.000000000,1.000000000,1.000000000,1.000000000,1.000000000,0.951219512
Total,Census Place,2463825,"Preston, MD",1.369322500,0.000000000,0.000000000,1.000000000,1.000000000,1.000000000,1.000000000,1.000000000,1.000000000
Total,Census Place,2463950,"Prince Frederick, MD",10.006587500,0.000000000,0.000000000,1.000000000,1.000000000,1.000000000,0.968421053,1.000000000,0.863157895
Total,Census Place,2464000,"Princess Anne, MD",4.213300000,0.000000000,0.000000000,1.000000000,0.975000000,1.000000000,1.000000000,1.000000000,1.000000000
Total,Census Place,2464375,"Pylesville, MD",12.639900000,0.000000000,0.000000000,1.000000000,0.991666667,1.000000000,0.875000000,0.950000000,0.708333333
Total,Census Place,2464475,"Quantico, MD",5.898620000,0.000000000,0.000000000,1.000000000,0.910714286,1.000000000,0.696428571,1.000000000,0.696428571
Total,Census Place,2464495,"Queen Anne, MD",23.489147500,0.000000000,0.000000000,1.000000000,0.986547085,1.000000000,0.959641256,0.977578475,0.856502242
Total,Census Place,2464500,"Queen Anne, MD",0.315997500,0.000000000,0.000000000,1.000000000,1.000000000,1.000000000,1.000000000,1.000000000,1.000000000
Total,Census Place,2464568,"Queensland, MD",12.639900000,0.000000000,0.000000000,1.000000000,0.983333333,1.000000000,0.991666667,0.991666667,0.883333333
Total,Census Place,2464600,"Queenstown, MD",5.582622500,0.000000000,0.000000000,1.000000000,1.000000000,1.000000000,1.000000000,1.000000000,0.943396226
Total,Census Place,2464950,"Randallstown, MD",27.070452500,0.000000000,0.000000000,1.000000000,1.000000000,1.000000000,0.988326848,0.996108949,0.891050584
Total,Census Place,2465150,"Rawlings, MD",2.317315000,0.000000000,0.000000000,1.000000000,0.954545455,1.000000000,0.954545455,1.000000000,0.590909091
Total,Census Place,2465312,"Redland, MD",19.591845000,0.000000000,0.000000000,1.000000000,0.989247312,1.000000000,0.951612903,0.989247312,0.838709677
Total,Census Place,2465550,"Reid, MD",0.315997500,0.000000000,0.000000000,1.000000000,0.333333333,1.000000000,1.000000000,1.000000000,1.000000000
Total,Census Place,2465600,"Reisterstown, MD",13.587892500,0.000000000,0.000000000,1.000000000,1.000000000,1.000000000,1.000000000,1.000000000,0.930232558
Total,Census Place,2466000,"Ridgely, MD",4.845295000,0.000000000,0.000000000,1.000000000,1.000000000,1.000000000,0.978260870,1.000000000,0.891304348
Total,Census Place,2466150,"Ringgold, MD",0.842660000,0.000000000,0.000000000,1.000000000,1.000000000,1.000000000,1.000000000,1.000000000,1.000000000
Total,Census Place,2466275,"Rising Sun, MD",4.529297500,0.000000000,0.000000000,1.000000000,1.000000000,1.000000000,1.000000000,1.000000000,0.976744186
Total,Census Place,2466400,"Riva, MD",7.689272500,0.000000000,0.000000000,1.000000000,0.904109589,1.000000000,0.986301370,0.972602740,0.890410959
Total,Census Place,2466635,"Riverdale Park, MD",4.318632500,0.000000000,0.000000000,1.000000000,1.000000000,1.000000000,1.000000000,1.000000000,1.000000000
Total,Census Place,2466762,"Riverside, MD",6.951945000,0.000000000,0.000000000,1.000000000,1.000000000,1.000000000,1.000000000,1.000000000,1.000000000
Total,Census Place,2466850,"Riviera Beach, MD",8.321267500,0.000000000,0.000000000,1.000000000,1.000000000,1.000000000,1.000000000,1.000000000,0.911392405
Total,Census Place,2467000,"Robinwood, MD",9.901255000,0.000000000,0.000000000,1.000000000,1.000000000,1.000000000,1.000000000,1.000000000,0.989361702
Total,Census Place,2467400,"Rock Hall, MD",4.318632500,0.000000000,0.000000000,1.000000000,0.975609756,0.975609756,0.560975610,0.756097561,0.390243902
Total,Census Place,2467500,"Rock Point, MD",1.790652500,0.000000000,0.000000000,1.000000000,1.000000000,1.000000000,1.000000000,1.000000000,0.823529412
Total,Census Place,2467675,"Rockville, MD",36.339712500,0.000000000,0.000000000,1.000000000,1.000000000,1.000000000,0.997101449,1.000000000,0.898550725
Total,Census Place,2467950,"Rohrersville, MD",0.631995000,0.000000000,0.000000000,1.000000000,1.000000000,1.000000000,1.000000000,1.000000000,1.000000000
Total,Census Place,2468265,"Romancoke, MD",5.371957500,0.000000000,0.000000000,1.000000000,1.000000000,0.882352941,0.784313725,0.764705882,0.725490196
Total,Census Place,2468300,"Rosaryville, MD",25.069135000,0.000000000,0.000000000,1.000000000,0.978991597,1.000000000,0.928571429,0.957983193,0.827731092
Total,Census Place,2468400,"Rosedale, MD",19.065182500,0.000000000,0.000000000,1.000000000,1.000000000,1.000000000,1.000000000,1.000000000,0.994475138
Total,Census Place,2468600,"Rosemont, MD",1.369322500,0.000000000,0.000000000,1.000000000,1.000000000,1.000000000,1.000000000,1.000000000,1.000000000
Total,Census Place,2468700,"Rossville, MD",14.219887500,0.000000000,0.000000000,1.000000000,1.000000000,1.000000000,1.000000000,1.000000000,1.000000000
Total,Census Place,2469200,"Sabillasville, MD",4.423965000,0.000000000,0.000000000,1.000000000,0.928571429,1.000000000,0.952380952,1.000000000,0.880952381
Total,Census Place,2469425,"St. George Island, MD",2.211982500,0.000000000,0.000000000,1.000000000,0.809523810,1.000000000,0.809523810,1.000000000,0.476190476
Total,Census Place,2469550,"St. James, MD",15.905207500,0.000000000,0.000000000,1.000000000,0.980132450,1.000000000,1.000000000,1.000000000,1.000000000
Total,Census Place,2469675,"St. Leonard, MD",6.003952500,0.000000000,0.000000000,1.000000000,0.877192982,1.000000000,0.684210526,0.736842105,0.421052632
Total,Census Place,2469825,"St. Michaels, MD",3.686637500,0.000000000,0.000000000,1.000000000,0.971428571,1.000000000,0.857142857,0.942857143,0.857142857
Total,Census Place,2469925,"Salisbury, MD",37.709035000,0.000000000,0.000000000,1.000000000,1.000000000,1.000000000,1.000000000,1.000000000,0.997206704
Total,Census Place,2470175,"Sandy Hook, MD",0.315997500,0.000000000,0.000000000,1.000000000,1.000000000,1.000000000,1.000000000,1.000000000,1.000000000
Total,Census Place,2470300,"San Mar, MD",1.053325000,0.000000000,0.000000000,1.000000000,1.000000000,1.000000000,1.000000000,1.000000000,1.000000000
Total,Census Place,2470475,"Savage, MD",7.267942500,0.000000000,0.000000000,1.000000000,1.000000000,1.000000000,0.985507246,1.000000000,0.884057971
Total,Census Place,2470525,"Scaggsville, MD",14.325220000,0.000000000,0.000000000,1.000000000,0.948529412,1.000000000,0.941176471,0.963235294,0.779411765
Total,Census Place,2470775,"Seabrook, MD",8.110602500,0.000000000,0.000000000,1.000000000,1.000000000,1.000000000,1.000000000,1.000000000,1.000000000
Total,Census Place,2470850,"Seat Pleasant, MD",2.106650000,0.000000000,0.000000000,1.000000000,1.000000000,1.000000000,1.000000000,1.000000000,1.000000000
Total,Census Place,2470900,"Secretary, MD",0.737327500,0.000000000,0.000000000,1.000000000,0.714285714,0.714285714,0.142857143,0.571428571,0.142857143
Total,Census Place,2471150,"Severn, MD",48.663615000,0.000000000,0.000000000,1.000000000,1.000000000,1.000000000,0.993506494,0.991341991,0.967532468
Total,Census Place,2471200,"Severna Park, MD",51.086262500,0.000000000,0.000000000,1.000000000,0.989690722,0.997938144,0.944329897,0.973195876,0.806185567
Total,Census Place,2471450,"Shady Side, MD",21.277165000,0.000000000,0.000000000,1.000000000,0.658415842,0.995049505,0.811881188,0.891089109,0.608910891
Total,Census Place,2471460,"Shaft, MD",2.106650000,0.000000000,0.000000000,1.000000000,1.000000000,1.000000000,1.000000000,1.000000000,0.900000000
Total,Census Place,2471600,"Sharpsburg, MD",0.421330000,0.000000000,0.000000000,1.000000000,1.000000000,1.000000000,1.000000000,1.000000000,1.000000000
Total,Census Place,2471650,"Sharptown, MD",1.053325000,0.000000000,0.000000000,1.000000000,1.000000000,1.000000000,1.000000000,1.000000000,1.000000000
Total,Census Place,2472350,"Silver Hill, MD",3.370640000,0.000000000,0.000000000,1.000000000,1.000000000,1.000000000,0.937500000,1.000000000,0.843750000
Total,Census Place,2472450,"Silver Spring, MD",20.855835000,0.000000000,0.000000000,1.000000000,1.000000000,1.000000000,1.000000000,1.000000000,0.984848485
Total,Census Place,2472887,"Smith Island, MD",25.174467500,0.000000000,0.000000000,1.000000000,1.000000000,0.740585774,0.284518828,0.723849372,0.142259414
Total,Census Place,2472900,"Smithsburg, MD",3.054642500,0.000000000,0.000000000,1.000000000,1.000000000,1.000000000,1.000000000,1.000000000,0.965517241
Total,Census Place,2473075,"Snow Hill, MD",4.634630000,0.000000000,0.000000000,1.000000000,1.000000000,1.000000000,1.000000000,1.000000000,0.977272727
Total,Census Place,2473325,"Solomons, MD",5.793287500,0.000000000,0.000000000,1.000000000,1.000000000,1.000000000,1.000000000,1.000000000,1.000000000
Total,Census Place,2473350,"Somerset, MD",0.526662500,0.000000000,0.000000000,1.000000000,1.000000000,1.000000000,1.000000000,1.000000000,1.000000000
Total,Census Place,2473600,"South Kensington, MD",6.319950000,0.000000000,0.000000000,1.000000000,1.000000000,1.000000000,1.000000000,1.000000000,0.900000000
Total,Census Place,2473650,"South Laurel, MD",21.803827500,0.000000000,0.000000000,1.000000000,0.946859903,1.000000000,0.932367150,0.971014493,0.864734300
Total,Census Place,2474050,"Spencerville, MD",4.002635000,0.000000000,0.000000000,1.000000000,1.000000000,1.000000000,0.815789474,0.868421053,0.500000000
Total,Census Place,2474282,"Springdale, MD",3.581305000,0.000000000,0.000000000,1.000000000,1.000000000,1.000000000,1.000000000,1.000000000,0.970588235
Total,Census Place,2474350,"Spring Gap, MD",1.579987500,0.000000000,0.000000000,0.733333333,0.000000000,0.133333333,0.000000000,0.000000000,0.000000000
Total,Census Place,2474560,"Spring Ridge, MD",7.057277500,0.000000000,0.000000000,1.000000000,0.985074627,1.000000000,1.000000000,1.000000000,0.940298507
Total,Census Place,2475025,"Stevensville, MD",16.326537500,0.000000000,0.000000000,1.000000000,0.980645161,0.993548387,0.832258065,0.987096774,0.690322581
Total,Census Place,2475150,"Still Pond, MD",0.315997500,0.000000000,0.000000000,1.000000000,1.000000000,1.000000000,1.000000000,1.000000000,1.000000000
Total,Census Place,2475200,"Stockton, MD",4.634630000,0.000000000,0.000000000,1.000000000,0.545454545,0.727272727,0.136363636,0.568181818,0.136363636
Total,Census Place,2475650,"Sudlersville, MD",3.897302500,0.000000000,0.000000000,1.000000000,1.000000000,1.000000000,1.000000000,1.000000000,0.972972973
Total,Census Place,2475725,"Suitland, MD",11.586575000,0.000000000,0.000000000,1.000000000,1.000000000,1.000000000,1.000000000,1.000000000,0.990909091
Total,Census Place,2475810,"Summerfield, MD",9.795922500,0.000000000,0.000000000,1.000000000,1.000000000,1.000000000,1.000000000,1.000000000,1.000000000
Total,Census Place,2476450,"Swanton, MD",1.263990000,0.000000000,0.000000000,0.916666667,0.583333333,0.916666667,0.583333333,0.833333333,0.083333333
Total,Census Place,2476550,"Sykesville, MD",4.107967500,0.000000000,0.000000000,1.000000000,1.000000000,1.000000000,1.000000000,1.000000000,0.923076923
Total,Census Place,2476650,"Takoma Park, MD",5.687955000,0.000000000,0.000000000,1.000000000,1.000000000,1.000000000,1.000000000,1.000000000,1.000000000
Total,Census Place,2476675,"Tall Timbers, MD",4.002635000,0.000000000,0.000000000,1.000000000,0.631578947,1.000000000,1.000000000,0.973684211,0.973684211
Total,Census Place,2476725,"Taneytown, MD",8.110602500,0.000000000,0.000000000,1.000000000,1.000000000,1.000000000,1.000000000,1.000000000,1.000000000
Total,Census Place,2476925,"Taylors Island, MD",11.165245000,0.000000000,0.000000000,0.877358491,0.273584906,0.698113208,0.160377358,0.566037736,0.000000000
Total,Census Place,2477100,"Temple Hills, MD",3.686637500,0.000000000,0.000000000,1.000000000,1.000000000,1.000000000,1.000000000,1.000000000,0.942857143
Total,Census Place,2477200,"Templeville, MD",0.105332500,0.000000000,0.000000000,1.000000000,1.000000000,1.000000000,1.000000000,1.000000000,1.000000000
Total,Census Place,2477262,"Ten Mile Creek, MD",15.589210000,0.000000000,0.000000000,1.000000000,0.885135135,0.986486486,0.837837838,0.858108108,0.668918919
Total,Census Place,2477825,"Thurmont, MD",8.426600000,0.000000000,0.000000000,1.000000000,1.000000000,1.000000000,1.000000000,1.000000000,1.000000000
Total,Census Place,2477912,"Tilghman Island, MD",6.635947500,0.000000000,0.000000000,1.000000000,0.888888889,0.984126984,0.761904762,0.841269841,0.333333333
Total,Census Place,2477925,"Tilghmanton, MD",1.369322500,0.000000000,0.000000000,1.000000000,0.923076923,1.000000000,1.000000000,1.000000000,0.923076923
Total,Census Place,2478050,"Timonium, MD",17.063865000,0.000000000,0.000000000,1.000000000,0.987654321,1.000000000,0.975308642,0.987654321,0.858024691
Total,Census Place,2478120,"Tolchester, MD",1.685320000,0.000000000,0.000000000,0.937500000,0.500000000,0.437500000,0.187500000,0.312500000,0.000000000
Total,Census Place,2478425,"Towson, MD",38.130365000,0.000000000,0.000000000,1.000000000,0.991712707,1.000000000,0.988950276,0.988950276,0.939226519
Total,Census Place,2478575,"Trappe, MD",6.846612500,0.000000000,0.000000000,1.000000000,0.953846154,1.000000000,0.830769231,1.000000000,0.661538462
Total,Census Place,2478650,"Travilah, MD",47.188960000,0.000000000,0.000000000,1.000000000,0.926339286,0.939732143,0.600446429,0.774553571,0.455357143
Total,Census Place,2478705,"Trego-Rohrersville Station, MD",1.053325000,0.000000000,0.000000000,1.000000000,0.700000000,1.000000000,1.000000000,1.000000000,0.900000000
Total,Census Place,2479225,"Tyaskin, MD",3.686637500,0.000000000,0.000000000,0.657142857,0.085714286,0.428571429,0.085714286,0.257142857,0.085714286
Total,Census Place,2479350,"Union Bridge, MD",2.633312500,0.000000000,0.000000000,1.000000000,1.000000000,1.000000000,1.000000000,1.000000000,0.960000000
Total,Census Place,2479675,"University Park, MD",1.263990000,0.000000000,0.000000000,1.000000000,1.000000000,1.000000000,1.000000000,1.000000000,1.000000000
Total,Census Place,2479875,"Upper Marlboro, MD",2.001317500,0.000000000,0.000000000,1.000000000,1.000000000,1.000000000,1.000000000,1.000000000,1.000000000
Total,Census Place,2479900,"Urbana, MD",20.645170000,0.000000000,0.000000000,1.000000000,0.938775510,1.000000000,0.989795918,0.994897959,0.943877551
Total,Census Place,2480075,"Vale Summit, MD",2.738645000,0.000000000,0.000000000,1.000000000,0.923076923,1.000000000,1.000000000,1.000000000,1.000000000
Total,Census Place,2480600,"Vienna, MD",2.001317500,0.000000000,0.000000000,1.000000000,1.000000000,1.000000000,1.000000000,1.000000000,1.000000000
Total,Census Place,2481175,"Waldorf, MD",97.748560000,0.000000000,0.000000000,1.000000000,0.979525862,1.000000000,0.947198276,0.989224138,0.845905172
Total,Census Place,2481250,"Walker Mill, MD",8.110602500,0.000000000,0.000000000,1.000000000,0.974025974,1.000000000,1.000000000,1.000000000,0.987012987
Total,Census Place,2481275,"Walkersville, MD",12.639900000,0.000000000,0.000000000,1.000000000,1.000000000,1.000000000,0.991666667,1.000000000,0.941666667
Total,Census Place,2481675,"Washington Grove, MD",0.737327500,0.000000000,0.000000000,1.000000000,1.000000000,1.000000000,1.000000000,1.000000000,1.000000000
Total,Census Place,2481925,"Waterview, MD",1.158657500,0.000000000,0.000000000,0.727272727,0.000000000,0.363636364,0.000000000,0.181818182,0.000000000
Total,Census Place,2482625,"West Denton, MD",0.947992500,0.000000000,0.000000000,1.000000000,1.000000000,1.000000000,1.000000000,1.000000000,1.000000000
Total,Census Place,2482750,"Westernport, MD",2.211982500,0.000000000,0.000000000,1.000000000,1.000000000,1.000000000,1.000000000,1.000000000,0.904761905
Total,Census Place,2483025,"West Laurel, MD",6.003952500,0.000000000,0.000000000,1.000000000,0.982456140,1.000000000,0.947368421,0.982456140,0.824561404
Total,Census Place,2483100,"Westminster, MD",17.695860000,0.000000000,0.000000000,1.000000000,1.000000000,1.000000000,0.994047619,0.994047619,0.964285714
Total,Census Place,2483225,"West Ocean City, MD",18.749185000,0.000000000,0.000000000,1.000000000,1.000000000,0.988764045,0.814606742,0.983146067,0.494382022
Total,Census Place,2483290,"Westphalia, MD",26.543790000,0.000000000,0.000000000,1.000000000,0.960317460,1.000000000,0.984126984,1.000000000,0.849206349
Total,Census Place,2483337,"West Pocomoke, MD",26.227792500,0.000000000,0.000000000,0.991967871,0.578313253,0.883534137,0.734939759,0.767068273,0.570281124
Total,Census Place,2483746,"Whaleyville, MD",2.633312500,0.000000000,0.000000000,1.000000000,1.000000000,1.000000000,1.000000000,1.000000000,1.000000000
Total,Census Place,2483775,"Wheaton, MD",18.117190000,0.000000000,0.000000000,1.000000000,1.000000000,1.000000000,1.000000000,1.000000000,0.947674419
Total,Census Place,2484225,"Whitehaven, MD",1.053325000,0.000000000,0.000000000,1.000000000,0.200000000,0.400000000,0.100000000,0.100000000,0.100000000
Total,Census Place,2484350,"White Marsh, MD",14.009222500,0.000000000,0.000000000,1.000000000,1.000000000,1.000000000,0.954887218,1.000000000,0.857142857
Total,Census Place,2484375,"White Oak, MD",8.847930000,0.000000000,0.000000000,1.000000000,1.000000000,1.000000000,0.976190476,0.988095238,0.880952381
Total,Census Place,2484784,"Wildewood, MD",7.794605000,0.000000000,0.000000000,1.000000000,1.000000000,1.000000000,1.000000000,1.000000000,0.959459459
Total,Census Place,2484950,"Willards, MD",3.054642500,0.000000000,0.000000000,1.000000000,1.000000000,1.000000000,0.965517241,0.965517241,0.551724138
Total,Census Place,2485100,"Williamsport, MD",2.633312500,0.000000000,0.000000000,1.000000000,1.000000000,1.000000000,1.000000000,1.000000000,1.000000000
Total,Census Place,2485175,"Williston, MD",0.737327500,0.000000000,0.000000000,1.000000000,0.428571429,1.000000000,0.142857143,0.857142857,0.142857143
Total,Census Place,2485395,"Wilson-Conococheague, MD",12.850565000,0.000000000,0.000000000,1.000000000,0.959016393,1.000000000,0.967213115,1.000000000,0.934426230
Total,Census Place,2486275,"Woodland, MD",0.421330000,0.000000000,0.000000000,1.000000000,1.000000000,1.000000000,1.000000000,1.000000000,0.750000000
Total,Census Place,2486475,"Woodlawn, MD",25.595797500,0.000000000,0.000000000,1.000000000,0.991769547,1.000000000,0.971193416,0.983539095,0.938271605
Total,Census Place,2486525,"Woodlawn, MD",3.265307500,0.000000000,0.000000000,1.000000000,1.000000000,1.000000000,1.000000000,1.000000000,1.000000000
Total,Census Place,2486710,"Woodmore, MD",17.801192500,0.000000000,0.000000000,1.000000000,1.000000000,1.000000000,0.958579882,1.000000000,0.763313609
Total,Census Place,2486750,"Woodsboro, MD",1.895985000,0.000000000,0.000000000,1.000000000,1.000000000,1.000000000,1.000000000,1.000000000,0.888888889
Total,Census Place,2487000,"Worton, MD",2.317315000,0.000000000,0.000000000,1.000000000,0.863636364,1.000000000,0.000000000,0.818181818,0.000000000
Total,Census Place,2487150,"Yarrowsburg, MD",0.526662500,0.000000000,0.000000000,1.000000000,0.200000000,0.800000000,0.000000000,0.400000000,0.000000000
Total,Census Place,2487275,"Zihlman, MD",3.897302500,0.000000000,0.000000000,1.000000000,0.891891892,1.000000000,1.000000000,1.000000000,0.945945946
Urban,Census Place,2400125,"Aberdeen, MD",16.431870000,0.000000000,0.000000000,1.000000000,0.993589744,1.000000000,1.000000000,1.000000000,0.987179487
Urban,Census Place,2400175,"Aberdeen Proving Ground, MD",3.897302500,0.000000000,0.000000000,1.000000000,1.000000000,1.000000000,1.000000000,1.000000000,1.000000000
Urban,Census Place,2400200,"Abingdon, MD",7.267942500,0.000000000,0.000000000,1.000000000,1.000000000,1.000000000,1.000000000,1.000000000,1.000000000
Urban,Census Place,2400250,"Accokeek, MD",25.911795000,0.000000000,0.000000000,1.000000000,0.934959350,1.000000000,0.833333333,0.959349593,0.638211382
Urban,Census Place,2400350,"Adamstown, MD",2.843977500,0.000000000,0.000000000,1.000000000,1.000000000,1.000000000,1.000000000,1.000000000,0.962962963
Urban,Census Place,2400400,"Adelphi, MD",7.057277500,0.000000000,0.000000000,1.000000000,1.000000000,1.000000000,1.000000000,1.000000000,1.000000000
Urban,Census Place,2400712,"Algonquin, MD",1.685320000,0.000000000,0.000000000,1.000000000,0.500000000,1.000000000,0.062500000,0.500000000,0.000000000
Urban,Census Place,2401450,"Andrews AFB, MD",18.538520000,0.000000000,0.000000000,1.000000000,0.994318182,1.000000000,1.000000000,0.994318182,0.988636364
Urban,Census Place,2401600,"Annapolis, MD",19.802510000,0.000000000,0.000000000,1.000000000,0.994680851,1.000000000,1.000000000,1.000000000,0.968085106
Urban,Census Place,2401635,"Annapolis Neck, MD",21.277165000,0.000000000,0.000000000,1.000000000,0.861386139,1.000000000,0.950495050,0.970297030,0.782178218
Urban,Census Place,2401975,"Arbutus, MD",16.326537500,0.000000000,0.000000000,1.000000000,1.000000000,1.000000000,1.000000000,1.000000000,0.974193548
Urban,Census Place,2402025,"Arden on the Severn, MD",2.527980000,0.000000000,0.000000000,1.000000000,1.000000000,1.000000000,0.708333333,0.833333333,0.375000000
Urban,Census Place,2402275,"Arnold, MD",29.598432500,0.000000000,0.000000000,1.000000000,0.978647687,1.000000000,1.000000000,1.000000000,0.950177936
Urban,Census Place,2402762,"Ashton-Sandy Spring, MD",12.007905000,0.000000000,0.000000000,1.000000000,0.991228070,1.000000000,0.982456140,1.000000000,0.912280702
Urban,Census Place,2402825,"Aspen Hill, MD",25.174467500,0.000000000,0.000000000,1.000000000,0.920502092,1.000000000,0.916317992,0.941422594,0.740585774
Urban,Census Place,2403800,"Ballenger Creek, MD",22.119825000,0.000000000,0.000000000,1.000000000,1.000000000,1.000000000,1.000000000,1.000000000,0.976190476
Urban,Census Place,2404000,"Baltimore, MD",219.618262500,0.000000000,0.000000000,1.000000000,0.999040767,1.000000000,0.999040767,0.999040767,0.987529976
Urban,Census Place,2404050,"Baltimore Highlands, MD",4.739962500,0.000000000,0.000000000,1.000000000,1.000000000,1.000000000,1.000000000,1.000000000,1.000000000
Urban,Census Place,2404650,"Bartonsville, MD",4.845295000,0.000000000,0.000000000,1.000000000,0.978260870,1.000000000,0.934782609,1.000000000,0.847826087
Urban,Census Place,2405250,"Beaver Creek, MD",1.053325000,0.000000000,0.000000000,1.000000000,1.000000000,1.000000000,1.000000000,1.000000000,1.000000000
Urban,Census Place,2405525,"Bel Air, MD",2.001317500,0.000000000,0.000000000,1.000000000,1.000000000,1.000000000,1.000000000,1.000000000,1.000000000
Urban,Census Place,2405550,"Bel Air, MD",8.426600000,0.000000000,0.000000000,1.000000000,1.000000000,1.000000000,1.000000000,1.000000000,1.000000000
Urban,Census Place,2405825,"Bel Air North, MD",31.178420000,0.000000000,0.000000000,1.000000000,0.983108108,1.000000000,1.000000000,1.000000000,1.000000000
Urban,Census Place,2405950,"Bel Air South, MD",53.192912500,0.000000000,0.000000000,1.000000000,0.952475248,1.000000000,0.996039604,0.992079208,0.964356436
Urban,Census Place,2406400,"Beltsville, MD",19.065182500,0.000000000,0.000000000,1.000000000,1.000000000,1.000000000,1.000000000,1.000000000,0.977900552
Urban,Census Place,2406662,"Bensville, MD",33.390402500,0.000000000,0.000000000,1.000000000,0.829652997,0.971608833,0.637223975,0.835962145,0.463722397
Urban,Census Place,2406800,"Berlin, MD",7.057277500,0.000000000,0.000000000,1.000000000,1.000000000,1.000000000,0.970149254,1.000000000,0.925373134
Urban,Census Place,2406925,"Berwyn Heights, MD",2.001317500,0.000000000,0.000000000,1.000000000,1.000000000,1.000000000,1.000000000,1.000000000,0.947368421
Urban,Census Place,2407125,"Bethesda, MD",35.181055000,0.000000000,0.000000000,1.000000000,1.000000000,1.000000000,0.994011976,0.997005988,0.913173653
Urban,Census Place,2407850,"Bladensburg, MD",2.527980000,0.000000000,0.000000000,1.000000000,1.000000000,1.000000000,1.000000000,1.000000000,1.000000000
Urban,Census Place,2408775,"Bowie, MD",53.403577500,0.000000000,0.000000000,1.000000000,0.990138067,1.000000000,0.984220907,0.996055227,0.881656805
Urban,Census Place,2408800,"Bowleys Quarters, MD",11.059912500,0.000000000,0.000000000,1.000000000,0.923809524,0.990476190,0.914285714,0.971428571,0.685714286
Urban,Census Place,2408850,"Bowling Green, MD",2.317315000,0.000000000,0.000000000,1.000000000,1.000000000,1.000000000,1.000000000,1.000000000,1.000000000
Urban,Census Place,2408862,"Bowmans Addition, MD",0.842660000,0.000000000,0.000000000,1.000000000,0.250000000,1.000000000,1.000000000,1.000000000,0.875000000
Urban,Census Place,2409100,"Braddock Heights, MD",10.743915000,0.000000000,0.000000000,1.000000000,0.872549020,0.990196078,0.882352941,0.941176471,0.813725490
Urban,Census Place,2409325,"Brandywine, MD",12.639900000,0.000000000,0.000000000,1.000000000,0.933333333,1.000000000,0.966666667,0.991666667,0.858333333
Urban,Census Place,2409500,"Brentwood, MD",0.842660000,0.000000000,0.000000000,1.000000000,1.000000000,1.000000000,1.000000000,1.000000000,1.000000000
Urban,Census Place,2410150,"Brock Hall, MD",26.438457500,0.000000000,0.000000000,1.000000000,0.880478088,1.000000000,0.948207171,0.952191235,0.729083665
Urban,Census Place,2410225,"Brookeville, MD",0.315997500,0.000000000,0.000000000,1.000000000,1.000000000,1.000000000,1.000000000,1.000000000,0.666666667
Urban,Census Place,2410475,"Brooklyn Park, MD",11.270577500,0.000000000,0.000000000,1.000000000,1.000000000,1.000000000,1.000000000,1.000000000,1.000000000
Urban,Census Place,2410500,"Brookmont, MD",5.477290000,0.000000000,0.000000000,1.000000000,1.000000000,1.000000000,0.980769231,1.000000000,0.846153846
Urban,Census Place,2410737,"Brown Station, MD",5.582622500,0.000000000,0.000000000,1.000000000,1.000000000,1.000000000,1.000000000,1.000000000,0.867924528
Urban,Census Place,2410900,"Brunswick, MD",6.951945000,0.000000000,0.000000000,1.000000000,1.000000000,1.000000000,0.954545455,1.000000000,0.909090909
Urban,Census Place,2410925,"Bryans Road, MD",11.586575000,0.000000000,0.000000000,1.000000000,0.909090909,1.000000000,0.890909091,1.000000000,0.845454545
Urban,Census Place,2411050,"Buckeystown, MD",2.317315000,0.000000000,0.000000000,1.000000000,1.000000000,1.000000000,0.954545455,1.000000000,0.681818182
Urban,Census Place,2411550,"Burnt Mills, MD",1.895985000,0.000000000,0.000000000,1.000000000,1.000000000,1.000000000,1.000000000,1.000000000,0.944444444
Urban,Census Place,2411750,"Burtonsville, MD",11.902572500,0.000000000,0.000000000,1.000000000,0.955752212,1.000000000,0.946902655,0.982300885,0.796460177
Urban,Census Place,2412075,"Cabin John, MD",4.318632500,0.000000000,0.000000000,1.000000000,1.000000000,1.000000000,1.000000000,1.000000000,0.951219512
Urban,Census Place,2412150,"California, MD",24.647805000,0.000000000,0.000000000,1.000000000,0.957264957,1.000000000,0.995726496,1.000000000,0.991452991
Urban,Census Place,2412175,"Callaway, MD",3.370640000,0.000000000,0.000000000,1.000000000,0.875000000,1.000000000,1.000000000,1.000000000,1.000000000
Urban,Census Place,2412350,"Calverton, MD",12.218570000,0.000000000,0.000000000,1.000000000,1.000000000,1.000000000,1.000000000,1.000000000,0.974137931
Urban,Census Place,2412400,"Cambridge, MD",17.801192500,0.000000000,0.000000000,1.000000000,0.923076923,0.994082840,0.704142012,0.928994083,0.544378698
Urban,Census Place,2412600,"Camp Springs, MD",20.434505000,0.000000000,0.000000000,1.000000000,1.000000000,1.000000000,0.989690722,0.994845361,0.927835052
Urban,Census Place,2412912,"Cape St. Claire, MD",5.687955000,0.000000000,0.000000000,1.000000000,0.981481481,1.000000000,1.000000000,1.000000000,0.981481481
Urban,Census Place,2413000,"Capitol Heights, MD",2.317315000,0.000000000,0.000000000,1.000000000,1.000000000,1.000000000,0.954545455,1.000000000,0.772727273
Urban,Census Place,2413325,"Carney, MD",16.642535000,0.000000000,0.000000000,1.000000000,1.000000000,1.000000000,0.943037975,0.993670886,0.867088608
Urban,Census Place,2414125,"Catonsville, MD",35.602385000,0.000000000,0.000000000,1.000000000,0.917159763,0.955621302,0.908284024,0.893491124,0.825443787
Urban,Census Place,2414225,"Cavetown, MD",2.738645000,0.000000000,0.000000000,1.000000000,1.000000000,1.000000000,1.000000000,1.000000000,1.000000000
Urban,Census Place,2414300,"Cearfoss, MD",0.421330000,0.000000000,0.000000000,1.000000000,1.000000000,1.000000000,1.000000000,1.000000000,1.000000000
Urban,Census Place,2414550,"Cedar Heights, MD",0.631995000,0.000000000,0.000000000,1.000000000,1.000000000,1.000000000,1.000000000,1.000000000,1.000000000
Urban,Census Place,2415400,"Charlestown, MD",2.211982500,0.000000000,0.000000000,1.000000000,1.000000000,1.000000000,1.000000000,1.000000000,1.000000000
Urban,Census Place,2415925,"Chesapeake Beach, MD",7.899937500,0.000000000,0.000000000,1.000000000,0.986666667,1.000000000,0.720000000,0.973333333,0.506666667
Urban,Census Place,2416050,"Chesapeake Ranch Estates, MD",12.639900000,0.000000000,0.000000000,1.000000000,0.550000000,0.925000000,0.650000000,0.825000000,0.441666667
Urban,Census Place,2416125,"Chester, MD",12.218570000,0.000000000,0.000000000,1.000000000,0.974137931,0.974137931,0.750000000,0.887931034,0.439655172
Urban,Census Place,2416225,"Chestertown, MD",6.530615000,0.000000000,0.000000000,1.000000000,1.000000000,1.000000000,1.000000000,1.000000000,0.935483871
Urban,Census Place,2416550,"Cheverly, MD",3.791970000,0.000000000,0.000000000,1.000000000,1.000000000,1.000000000,1.000000000,1.000000000,1.000000000
Urban,Census Place,2416620,"Chevy Chase, MD",1.053325000,0.000000000,0.000000000,1.000000000,1.000000000,1.000000000,1.000000000,1.000000000,1.000000000
Urban,Census Place,2416625,"Chevy Chase, MD",6.741280000,0.000000000,0.000000000,1.000000000,1.000000000,1.000000000,0.984375000,1.000000000,0.953125000
Urban,Census Place,2416720,"Chevy Chase Section Five, MD",0.315997500,0.000000000,0.000000000,1.000000000,1.000000000,1.000000000,1.000000000,1.000000000,1.000000000
Urban,Census Place,2416730,"Chevy Chase Section Three, MD",0.210665000,0.000000000,0.000000000,1.000000000,1.000000000,1.000000000,1.000000000,1.000000000,1.000000000
Urban,Census Place,2416775,"Chevy Chase View, MD",0.421330000,0.000000000,0.000000000,1.000000000,1.000000000,1.000000000,1.000000000,1.000000000,0.750000000
Urban,Census Place,2416787,"Chevy Chase Village, MD",1.158657500,0.000000000,0.000000000,1.000000000,1.000000000,1.000000000,1.000000000,1.000000000,1.000000000
Urban,Census Place,2416800,"Chewsville, MD",0.737327500,0.000000000,0.000000000,1.000000000,0.857142857,1.000000000,1.000000000,1.000000000,1.000000000
Urban,Census Place,2416875,"Chillum, MD",8.953262500,0.000000000,0.000000000,1.000000000,1.000000000,1.000000000,1.000000000,1.000000000,1.000000000
Urban,Census Place,2417350,"Clarksburg, MD",18.011857500,0.000000000,0.000000000,1.000000000,0.994152047,1.000000000,0.953216374,1.000000000,0.888888889
Urban,Census Place,2417475,"Clarysville, MD",0.315997500,0.000000000,0.000000000,1.000000000,1.000000000,1.000000000,1.000000000,1.000000000,1.000000000
Urban,Census Place,2417900,"Clinton, MD",43.818320000,0.000000000,0.000000000,1.000000000,0.971153846,0.997596154,0.899038462,0.959134615,0.752403846
Urban,Census Place,2418150,"Cloverly, MD",26.543790000,0.000000000,0.000000000,1.000000000,0.960317460,1.000000000,0.857142857,0.936507937,0.714285714
Urban,Census Place,2418250,"Cockeysville, MD",28.545107500,0.000000000,0.000000000,1.000000000,0.904059041,0.988929889,0.940959410,0.944649446,0.826568266
Urban,Census Place,2418475,"Colesville, MD",13.693225000,0.000000000,0.000000000,1.000000000,0.969230769,1.000000000,0.892307692,0.938461538,0.746153846
Urban,Census Place,2418750,"College Park, MD",15.167880000,0.000000000,0.000000000,1.000000000,1.000000000,1.000000000,1.000000000,1.000000000,0.965277778
Urban,Census Place,2418850,"Colmar Manor, MD",1.053325000,0.000000000,0.000000000,1.000000000,1.000000000,1.000000000,1.000000000,1.000000000,1.000000000
Urban,Census Place,2419125,"Columbia, MD",85.635322500,0.000000000,0.000000000,1.000000000,0.958179582,0.988929889,0.940959410,0.960639606,0.888068881
Urban,Census Place,2419825,"Coral Hills, MD",4.213300000,0.000000000,0.000000000,1.000000000,1.000000000,1.000000000,1.000000000,1.000000000,0.925000000
Urban,Census Place,2419975,"Corriganville, MD",0.631995000,0.000000000,0.000000000,1.000000000,0.833333333,1.000000000,0.666666667,1.000000000,0.500000000
Urban,Census Place,2420050,"Cottage City, MD",0.737327500,0.000000000,0.000000000,1.000000000,1.000000000,1.000000000,1.000000000,1.000000000,1.000000000
Urban,Census Place,2420525,"Cresaptown, MD",6.635947500,0.000000000,0.000000000,1.000000000,1.000000000,1.000000000,1.000000000,1.000000000,1.000000000
Urban,Census Place,2420775,"Crisfield, MD",4.107967500,0.000000000,0.000000000,1.000000000,1.000000000,0.974358974,0.974358974,0.974358974,0.820512821
Urban,Census Place,2420875,"Crofton, MD",17.063865000,0.000000000,0.000000000,1.000000000,0.987654321,1.000000000,0.919753086,0.962962963,0.839506173
Urban,Census Place,2420925,"Croom, MD",0.315997500,0.000000000,0.000000000,1.000000000,1.000000000,1.000000000,1.000000000,1.000000000,1.000000000
Urban,Census Place,2421075,"Crownsville, MD",0.737327500,0.000000000,0.000000000,1.000000000,0.857142857,1.000000000,1.000000000,1.000000000,1.000000000
Urban,Census Place,2421325,"Cumberland, MD",21.803827500,0.000000000,0.000000000,1.000000000,0.995169082,1.000000000,1.000000000,1.000000000,0.966183575
Urban,Census Place,2421475,"Damascus, MD",23.383815000,0.000000000,0.000000000,1.000000000,0.878378378,1.000000000,0.896396396,0.968468468,0.702702703
Urban,Census Place,2421825,"Darnestown, MD",12.534567500,0.000000000,0.000000000,1.000000000,0.907563025,0.974789916,0.840336134,0.882352941,0.647058824
Urban,Census Place,2422600,"Delmar, MD",4.107967500,0.000000000,0.000000000,1.000000000,1.000000000,1.000000000,1.000000000,1.000000000,0.974358974
Urban,Census Place,2422725,"Denton, MD",7.478607500,0.000000000,0.000000000,1.000000000,1.000000000,1.000000000,0.915492958,0.985915493,0.732394366
Urban,Census Place,2422775,"Derwood, MD",1.790652500,0.000000000,0.000000000,1.000000000,1.000000000,1.000000000,1.000000000,1.000000000,1.000000000
Urban,Census Place,2423025,"District Heights, MD",2.211982500,0.000000000,0.000000000,1.000000000,1.000000000,1.000000000,1.000000000,1.000000000,1.000000000
Urban,Census Place,2423700,"Drum Point, MD",4.634630000,0.000000000,0.000000000,1.000000000,0.659090909,0.954545455,0.886363636,0.909090909,0.590909091
Urban,Census Place,2423975,"Dundalk, MD",40.974342500,0.000000000,0.000000000,1.000000000,1.000000000,1.000000000,1.000000000,1.000000000,0.997429306
Urban,Census Place,2424475,"Easton, MD",26.333125000,0.000000000,0.000000000,1.000000000,0.984000000,0.996000000,0.904000000,0.984000000,0.764000000
Urban,Census Place,2424650,"East Riverdale, MD",3.897302500,0.000000000,0.000000000,1.000000000,1.000000000,1.000000000,1.000000000,1.000000000,1.000000000
Urban,Census Place,2424825,"Eckhart Mines, MD",1.263990000,0.000000000,0.000000000,1.000000000,1.000000000,1.000000000,1.000000000,1.000000000,1.000000000
Urban,Census Place,2424950,"Edgemere, MD",26.859787500,0.000000000,0.000000000,1.000000000,1.000000000,1.000000000,0.964705882,0.988235294,0.937254902
Urban,Census Place,2425050,"Edgewater, MD",8.847930000,0.000000000,0.000000000,1.000000000,0.988095238,1.000000000,1.000000000,1.000000000,0.916666667
Urban,Census Place,2425150,"Edgewood, MD",29.598432500,0.000000000,0.000000000,1.000000000,1.000000000,1.000000000,1.000000000,0.996441281,0.967971530
Urban,Census Place,2425425,"Edmonston, MD",1.053325000,0.000000000,0.000000000,1.000000000,1.000000000,1.000000000,1.000000000,1.000000000,1.000000000
Urban,Census Place,2425575,"Eldersburg, MD",45.924970000,0.000000000,0.000000000,1.000000000,0.933486239,0.981651376,0.928899083,0.951834862,0.823394495
Urban,Census Place,2425750,"Elkridge, MD",21.803827500,0.000000000,0.000000000,1.000000000,1.000000000,1.000000000,0.995169082,1.000000000,0.956521739
Urban,Census Place,2425800,"Elkton, MD",23.173150000,0.000000000,0.000000000,1.000000000,0.990909091,1.000000000,0.990909091,1.000000000,0.959090909
Urban,Census Place,2425925,"Ellerslie, MD",0.842660000,0.000000000,0.000000000,1.000000000,0.250000000,0.875000000,0.250000000,0.750000000,0.000000000
Urban,Census Place,2426000,"Ellicott City, MD",77.524720000,0.000000000,0.000000000,1.000000000,0.964673913,0.989130435,0.953804348,0.959239130,0.855978261
Urban,Census Place,2426600,"Essex, MD",32.231745000,0.000000000,0.000000000,1.000000000,0.993464052,1.000000000,0.983660131,0.993464052,0.885620915
Urban,Census Place,2427250,"Fairland, MD",12.850565000,0.000000000,0.000000000,1.000000000,0.967213115,0.983606557,0.844262295,0.934426230,0.803278689
Urban,Census Place,2427400,"Fairmount Heights, MD",0.631995000,0.000000000,0.000000000,1.000000000,1.000000000,1.000000000,1.000000000,1.000000000,1.000000000
Urban,Census Place,2427580,"Fairwood, MD",9.058595000,0.000000000,0.000000000,1.000000000,1.000000000,1.000000000,1.000000000,1.000000000,0.941860465
Urban,Census Place,2427700,"Fallston, MD",20.223840000,0.000000000,0.000000000,0.994791667,0.812500000,1.000000000,0.994791667,0.989583333,0.953125000
Urban,Census Place,2428075,"Ferndale, MD",10.533250000,0.000000000,0.000000000,1.000000000,1.000000000,1.000000000,1.000000000,1.000000000,1.000000000
Urban,Census Place,2428512,"Flower Hill, MD",5.477290000,0.000000000,0.000000000,1.000000000,1.000000000,1.000000000,0.980769231,1.000000000,0.903846154
Urban,Census Place,2428640,"Forest Glen, MD",2.738645000,0.000000000,0.000000000,1.000000000,1.000000000,1.000000000,1.000000000,1.000000000,0.961538462
Urban,Census Place,2428725,"Forest Heights, MD",4.634630000,0.000000000,0.000000000,1.000000000,1.000000000,1.000000000,1.000000000,1.000000000,0.977272727
Urban,Census Place,2429000,"Forestville, MD",10.322585000,0.000000000,0.000000000,1.000000000,1.000000000,1.000000000,1.000000000,1.000000000,1.000000000
Urban,Census Place,2429400,"Fort Meade, MD",19.591845000,0.000000000,0.000000000,1.000000000,1.000000000,1.000000000,0.956989247,1.000000000,0.833333333
Urban,Census Place,2429450,"Fort Ritchie, MD",0.842660000,0.000000000,0.000000000,1.000000000,1.000000000,1.000000000,1.000000000,1.000000000,1.000000000
Urban,Census Place,2429525,"Fort Washington, MD",39.183690000,0.000000000,0.000000000,1.000000000,0.989247312,1.000000000,0.978494624,0.994623656,0.924731183
Urban,Census Place,2429712,"Fountainhead-Orchard Hills, MD",11.165245000,0.000000000,0.000000000,1.000000000,1.000000000,1.000000000,1.000000000,1.000000000,1.000000000
Urban,Census Place,2429790,"Four Corners, MD",4.107967500,0.000000000,0.000000000,1.000000000,0.974358974,1.000000000,1.000000000,1.000000000,0.948717949
Urban,Census Place,2430325,"Frederick, MD",56.036890000,0.000000000,0.000000000,1.000000000,1.000000000,1.000000000,1.000000000,0.998120301,0.986842105
Urban,Census Place,2430575,"Friendly, MD",12.955897500,0.000000000,0.000000000,1.000000000,0.910569106,0.991869919,0.886178862,0.918699187,0.756097561
Urban,Census Place,2430800,"Friendship Heights Village, MD",0.210665000,0.000000000,0.000000000,1.000000000,1.000000000,1.000000000,1.000000000,1.000000000,1.000000000
Urban,Census Place,2430900,"Frostburg, MD",8.215935000,0.000000000,0.000000000,1.000000000,1.000000000,1.000000000,1.000000000,1.000000000,1.000000000
Urban,Census Place,2430950,"Fruitland, MD",8.426600000,0.000000000,0.000000000,1.000000000,0.987500000,1.000000000,1.000000000,1.000000000,1.000000000
Urban,Census Place,2431025,"Fulton, MD",5.687955000,0.000000000,0.000000000,1.000000000,1.000000000,1.000000000,1.000000000,1.000000000,0.944444444
Urban,Census Place,2431100,"Funkstown, MD",0.842660000,0.000000000,0.000000000,1.000000000,1.000000000,1.000000000,1.000000000,1.000000000,1.000000000
Urban,Census Place,2431175,"Gaithersburg, MD",28.334442500,0.000000000,0.000000000,1.000000000,1.000000000,1.000000000,0.996282528,0.996282528,0.925650558
Urban,Census Place,2431350,"Gambrills, MD",5.898620000,0.000000000,0.000000000,1.000000000,1.000000000,1.000000000,0.964285714,0.964285714,0.892857143
Urban,Census Place,2431525,"Garrett Park, MD",0.737327500,0.000000000,0.000000000,1.000000000,1.000000000,1.000000000,1.000000000,1.000000000,0.857142857
Urban,Census Place,2431625,"Garrison, MD",7.689272500,0.000000000,0.000000000,1.000000000,0.986301370,1.000000000,0.972602740,0.972602740,0.890410959
Urban,Census Place,2432025,"Germantown, MD",44.028985000,0.000000000,0.000000000,1.000000000,0.971291866,1.000000000,0.995215311,1.000000000,0.923444976
Urban,Census Place,2432350,"Glassmanor, MD",6.109285000,0.000000000,0.000000000,1.000000000,1.000000000,1.000000000,1.000000000,1.000000000,1.000000000
Urban,Census Place,2432500,"Glenarden, MD",3.054642500,0.000000000,0.000000000,1.000000000,1.000000000,1.000000000,1.000000000,1.000000000,0.965517241
Urban,Census Place,2432650,"Glen Burnie, MD",47.715622500,0.000000000,0.000000000,1.000000000,0.997792494,1.000000000,1.000000000,1.000000000,0.951434879
Urban,Census Place,2432900,"Glen Echo, MD",0.315997500,0.000000000,0.000000000,1.000000000,1.000000000,1.000000000,1.000000000,1.000000000,1.000000000
Urban,Census Place,2433250,"Glenmont, MD",7.583940000,0.000000000,0.000000000,1.000000000,1.000000000,1.000000000,1.000000000,1.000000000,0.875000000
Urban,Census Place,2433400,"Glenn Dale, MD",19.275847500,0.000000000,0.000000000,1.000000000,0.983606557,1.000000000,0.939890710,0.983606557,0.737704918
Urban,Census Place,2434350,"Graceham, MD",0.947992500,0.000000000,0.000000000,1.000000000,1.000000000,1.000000000,1.000000000,1.000000000,1.000000000
Urban,Census Place,2434425,"Grahamtown, MD",0.315997500,0.000000000,0.000000000,1.000000000,1.000000000,1.000000000,1.000000000,1.000000000,1.000000000
Urban,Census Place,2434550,"Grasonville, MD",5.371957500,0.000000000,0.000000000,1.000000000,0.980392157,1.000000000,1.000000000,1.000000000,0.980392157
Urban,Census Place,2434775,"Greenbelt, MD",16.642535000,0.000000000,0.000000000,1.000000000,1.000000000,1.000000000,0.968354430,0.993670886,0.886075949
Urban,Census Place,2435412,"Green Valley, MD",25.490465000,0.000000000,0.000000000,1.000000000,0.929752066,1.000000000,0.991735537,0.995867769,0.904958678
Urban,Census Place,2436075,"Hagerstown, MD",31.810415000,0.000000000,0.000000000,1.000000000,1.000000000,1.000000000,1.000000000,1.000000000,0.996688742
Urban,Census Place,2436125,"Halfway, MD",12.639900000,0.000000000,0.000000000,1.000000000,1.000000000,1.000000000,1.000000000,1.000000000,1.000000000
Urban,Census Place,2436500,"Hampstead, MD",4.423965000,0.000000000,0.000000000,1.000000000,1.000000000,1.000000000,0.952380952,1.000000000,0.952380952
Urban,Census Place,2436512,"Hampton, MD",11.481242500,0.000000000,0.000000000,1.000000000,1.000000000,1.000000000,0.972477064,0.990825688,0.908256881
Urban,Census Place,2437600,"Havre de Grace, MD",14.114555000,0.000000000,0.000000000,1.000000000,1.000000000,1.000000000,1.000000000,1.000000000,1.000000000
Urban,Census Place,2438025,"Herald Harbor, MD",4.845295000,0.000000000,0.000000000,1.000000000,0.804347826,0.934782609,0.760869565,0.804347826,0.391304348
Urban,Census Place,2438437,"Highfield-Cascade, MD",2.949310000,0.000000000,0.000000000,1.000000000,1.000000000,1.000000000,1.000000000,1.000000000,0.785714286
Urban,Census Place,2438475,"Highland, MD",3.791970000,0.000000000,0.000000000,1.000000000,0.916666667,1.000000000,0.916666667,0.888888889,0.777777778
Urban,Census Place,2438500,"Highland Beach, MD",0.105332500,0.000000000,0.000000000,1.000000000,1.000000000,1.000000000,1.000000000,1.000000000,1.000000000
Urban,Census Place,2438850,"Hillandale, MD",4.845295000,0.000000000,0.000000000,1.000000000,1.000000000,1.000000000,1.000000000,1.000000000,0.934782609
Urban,Census Place,2438975,"Hillcrest Heights, MD",6.846612500,0.000000000,0.000000000,1.000000000,1.000000000,1.000000000,0.984615385,1.000000000,0.953846154
Urban,Census Place,2440200,"Honeygo, MD",14.957215000,0.000000000,0.000000000,1.000000000,1.000000000,1.000000000,0.964788732,0.992957746,0.894366197
Urban,Census Place,2441250,"Hyattsville, MD",7.583940000,0.000000000,0.000000000,1.000000000,1.000000000,1.000000000,1.000000000,1.000000000,1.000000000
Urban,Census Place,2441475,"Ilchester, MD",20.013175000,0.000000000,0.000000000,1.000000000,0.994736842,0.994736842,0.973684211,0.984210526,0.889473684
Urban,Census Place,2441500,"Indian Head, MD",3.159975000,0.000000000,0.000000000,1.000000000,1.000000000,1.000000000,1.000000000,1.000000000,1.000000000
Urban,Census Place,2442550,"Jessup, MD",16.115872500,0.000000000,0.000000000,1.000000000,1.000000000,1.000000000,1.000000000,1.000000000,0.986928105
Urban,Census Place,2442875,"Joppatowne, MD",17.801192500,0.000000000,0.000000000,1.000000000,0.911242604,1.000000000,1.000000000,1.000000000,0.958579882
Urban,Census Place,2443200,"Kemp Mill, MD",6.635947500,0.000000000,0.000000000,1.000000000,1.000000000,1.000000000,0.984126984,0.984126984,0.936507937
Urban,Census Place,2443280,"Kemps Mill, MD",0.421330000,0.000000000,0.000000000,1.000000000,1.000000000,1.000000000,1.000000000,1.000000000,1.000000000
Urban,Census Place,2443500,"Kensington, MD",1.158657500,0.000000000,0.000000000,1.000000000,1.000000000,1.000000000,1.000000000,1.000000000,1.000000000
Urban,Census Place,2443725,"Kent Narrows, MD",2.633312500,0.000000000,0.000000000,1.000000000,1.000000000,1.000000000,1.000000000,1.000000000,0.960000000
Urban,Census Place,2443900,"Kettering, MD",14.325220000,0.000000000,0.000000000,1.000000000,1.000000000,1.000000000,0.963235294,0.970588235,0.786764706
Urban,Census Place,2444325,"Kingstown, MD",3.475972500,0.000000000,0.000000000,1.000000000,0.939393939,1.000000000,0.636363636,0.939393939,0.515151515
Urban,Census Place,2444350,"Kingsville, MD",4.739962500,0.000000000,0.000000000,1.000000000,0.955555556,1.000000000,1.000000000,1.000000000,0.844444444
Urban,Census Place,2444715,"Konterra, MD",16.431870000,0.000000000,0.000000000,1.000000000,1.000000000,1.000000000,1.000000000,1.000000000,0.993589744
Urban,Census Place,2444817,"Lake Arbor, MD",10.954580000,0.000000000,0.000000000,1.000000000,0.990384615,1.000000000,0.923076923,0.980769231,0.759615385
Urban,Census Place,2444975,"Lake Shore, MD",36.971707500,0.000000000,0.000000000,1.000000000,0.871794872,1.000000000,0.991452991,0.988603989,0.880341880
Urban,Census Place,2445325,"Landover, MD",10.743915000,0.000000000,0.000000000,1.000000000,1.000000000,1.000000000,1.000000000,1.000000000,0.990196078
Urban,Census Place,2445400,"Landover Hills, MD",0.947992500,0.000000000,0.000000000,1.000000000,1.000000000,1.000000000,1.000000000,1.000000000,1.000000000
Urban,Census Place,2445525,"Langley Park, MD",2.738645000,0.000000000,0.000000000,1.000000000,1.000000000,1.000000000,1.000000000,1.000000000,1.000000000
Urban,Census Place,2445550,"Lanham, MD",9.795922500,0.000000000,0.000000000,1.000000000,0.989247312,1.000000000,1.000000000,1.000000000,0.935483871
Urban,Census Place,2445650,"Lansdowne, MD",6.319950000,0.000000000,0.000000000,1.000000000,1.000000000,1.000000000,1.000000000,1.000000000,1.000000000
Urban,Census Place,2445750,"La Plata, MD",13.061230000,0.000000000,0.000000000,1.000000000,0.967741935,1.000000000,0.919354839,0.991935484,0.887096774
Urban,Census Place,2445825,"Largo, MD",8.215935000,0.000000000,0.000000000,1.000000000,1.000000000,1.000000000,1.000000000,1.000000000,1.000000000
Urban,Census Place,2445900,"Laurel, MD",12.323902500,0.000000000,0.000000000,1.000000000,1.000000000,1.000000000,1.000000000,1.000000000,0.957264957
Urban,Census Place,2446075,"La Vale, MD",9.795922500,0.000000000,0.000000000,1.000000000,0.849462366,1.000000000,0.978494624,0.978494624,0.903225806
Urban,Census Place,2446150,"Layhill, MD",4.423965000,0.000000000,0.000000000,1.000000000,1.000000000,1.000000000,0.904761905,0.952380952,0.761904762
Urban,Census Place,2446250,"Laytonsville, MD",2.738645000,0.000000000,0.000000000,1.000000000,1.000000000,1.000000000,1.000000000,1.000000000,1.000000000
Urban,Census Place,2446375,"Leisure World, MD",3.054642500,0.000000000,0.000000000,1.000000000,1.000000000,1.000000000,1.000000000,1.000000000,1.000000000
Urban,Census Place,2446475,"Leonardtown, MD",9.058595000,0.000000000,0.000000000,1.000000000,0.895348837,1.000000000,0.953488372,0.941860465,0.860465116
Urban,Census Place,2446725,"Lexington Park, MD",16.431870000,0.000000000,0.000000000,1.000000000,0.974358974,0.967948718,0.807692308,0.884615385,0.692307692
Urban,Census Place,2447040,"Linganore, MD",16.958532500,0.000000000,0.000000000,1.000000000,0.788819876,0.987577640,0.850931677,0.937888199,0.695652174
Urban,Census Place,2447125,"Linthicum, MD",14.430552500,0.000000000,0.000000000,1.000000000,0.992700730,1.000000000,0.992700730,0.992700730,0.970802920
Urban,Census Place,2447450,"Lochearn, MD",15.062547500,0.000000000,0.000000000,1.000000000,0.993006993,1.000000000,1.000000000,1.000000000,0.993006993
Urban,Census Place,2447525,"Loch Lynn Heights, MD",0.737327500,0.000000000,0.000000000,1.000000000,1.000000000,1.000000000,1.000000000,1.000000000,0.571428571
Urban,Census Place,2448800,"Lusby, MD",9.690590000,0.000000000,0.000000000,1.000000000,0.847826087,1.000000000,0.978260870,0.989130435,0.869565217
Urban,Census Place,2448875,"Lutherville, MD",5.371957500,0.000000000,0.000000000,1.000000000,1.000000000,1.000000000,0.960784314,1.000000000,0.882352941
Urban,Census Place,2449325,"McCoole, MD",0.526662500,0.000000000,0.000000000,1.000000000,0.800000000,1.000000000,0.800000000,1.000000000,0.400000000
Urban,Census Place,2449950,"Manchester, MD",6.319950000,0.000000000,0.000000000,1.000000000,1.000000000,1.000000000,0.933333333,0.983333333,0.850000000
Urban,Census Place,2450680,"Marlboro Meadows, MD",8.742597500,0.000000000,0.000000000,1.000000000,0.734939759,1.000000000,0.903614458,0.963855422,0.662650602
Urban,Census Place,2450685,"Marlboro Village, MD",9.479925000,0.000000000,0.000000000,1.000000000,0.988888889,1.000000000,1.000000000,1.000000000,0.977777778
Urban,Census Place,2450750,"Marlow Heights, MD",5.371957500,0.000000000,0.000000000,1.000000000,1.000000000,1.000000000,1.000000000,1.000000000,1.000000000
Urban,Census Place,2450775,"Marlton, MD",13.587892500,0.000000000,0.000000000,1.000000000,0.992248062,1.000000000,0.937984496,0.984496124,0.852713178
Urban,Census Place,2450965,"Martin's Additions, MD",0.315997500,0.000000000,0.000000000,1.000000000,1.000000000,1.000000000,1.000000000,1.000000000,1.000000000
Urban,Census Place,2451075,"Maryland City, MD",15.483877500,0.000000000,0.000000000,1.000000000,1.000000000,1.000000000,0.965986395,1.000000000,0.931972789
Urban,Census Place,2451125,"Maryland Park, MD",0.526662500,0.000000000,0.000000000,1.000000000,1.000000000,1.000000000,1.000000000,1.000000000,1.000000000
Urban,Census Place,2451425,"Maugansville, MD",6.319950000,0.000000000,0.000000000,1.000000000,1.000000000,1.000000000,1.000000000,1.000000000,1.000000000
Urban,Census Place,2451575,"Mayo, MD",17.169197500,0.000000000,0.000000000,1.000000000,0.987730061,1.000000000,0.975460123,0.969325153,0.883435583
Urban,Census Place,2451587,"Mays Chapel, MD",9.585257500,0.000000000,0.000000000,1.000000000,0.989010989,1.000000000,0.945054945,1.000000000,0.879120879
Urban,Census Place,2451940,"Melwood, MD",7.478607500,0.000000000,0.000000000,1.000000000,1.000000000,1.000000000,0.971830986,1.000000000,0.929577465
Urban,Census Place,2452225,"Middleburg, MD",0.210665000,0.000000000,0.000000000,1.000000000,1.000000000,1.000000000,1.000000000,1.000000000,1.000000000
Urban,Census Place,2452300,"Middle River, MD",36.129047500,0.000000000,0.000000000,1.000000000,0.965014577,1.000000000,0.973760933,0.991253644,0.860058309
Urban,Census Place,2452425,"Middletown, MD",4.739962500,0.000000000,0.000000000,1.000000000,1.000000000,1.000000000,1.000000000,1.000000000,0.955555556
Urban,Census Place,2452525,"Midlothian, MD",0.631995000,0.000000000,0.000000000,1.000000000,1.000000000,1.000000000,1.000000000,1.000000000,1.000000000
Urban,Census Place,2452562,"Milford Mill, MD",14.957215000,0.000000000,0.000000000,1.000000000,1.000000000,1.000000000,0.992957746,0.992957746,0.964788732
Urban,Census Place,2452975,"Mitchellville, MD",12.850565000,0.000000000,0.000000000,1.000000000,1.000000000,1.000000000,0.983606557,0.991803279,0.893442623
Urban,Census Place,2453325,"Montgomery Village, MD",10.849247500,0.000000000,0.000000000,1.000000000,1.000000000,1.000000000,1.000000000,1.000000000,0.922330097
Urban,Census Place,2453625,"Morningside, MD",1.685320000,0.000000000,0.000000000,1.000000000,1.000000000,1.000000000,1.000000000,1.000000000,1.000000000
Urban,Census Place,2453800,"Mountain Lake Park, MD",4.213300000,0.000000000,0.000000000,1.000000000,1.000000000,1.000000000,1.000000000,1.000000000,0.825000000
Urban,Census Place,2453875,"Mount Airy, MD",10.849247500,0.000000000,0.000000000,1.000000000,1.000000000,1.000000000,1.000000000,1.000000000,0.980582524
Urban,Census Place,2454275,"Mount Rainier, MD",1.790652500,0.000000000,0.000000000,1.000000000,1.000000000,1.000000000,1.000000000,1.000000000,1.000000000
Urban,Census Place,2455018,"National Harbor, MD",4.318632500,0.000000000,0.000000000,1.000000000,1.000000000,1.000000000,1.000000000,1.000000000,1.000000000
Urban,Census Place,2455050,"Naval Academy, MD",1.474655000,0.000000000,0.000000000,1.000000000,1.000000000,1.000000000,1.000000000,1.000000000,0.928571429
Urban,Census Place,2455400,"New Carrollton, MD",4.107967500,0.000000000,0.000000000,1.000000000,1.000000000,1.000000000,1.000000000,1.000000000,1.000000000
Urban,Census Place,2455650,"New Market, MD",1.474655000,0.000000000,0.000000000,1.000000000,1.000000000,1.000000000,1.000000000,1.000000000,1.000000000
Urban,Census Place,2455925,"New Windsor, MD",0.947992500,0.000000000,0.000000000,1.000000000,1.000000000,1.000000000,1.000000000,1.000000000,0.777777778
Urban,Census Place,2456300,"North Beach, MD",0.947992500,0.000000000,0.000000000,1.000000000,1.000000000,1.000000000,1.000000000,1.000000000,1.000000000
Urban,Census Place,2456337,"North Bethesda, MD",23.489147500,0.000000000,0.000000000,1.000000000,0.995515695,1.000000000,0.973094170,0.995515695,0.874439462
Urban,Census Place,2456375,"North Brentwood, MD",0.315997500,0.000000000,0.000000000,1.000000000,1.000000000,1.000000000,1.000000000,1.000000000,1.000000000
Urban,Census Place,2456400,"North Chevy Chase, MD",0.210665000,0.000000000,0.000000000,1.000000000,1.000000000,1.000000000,1.000000000,1.000000000,0.500000000
Urban,Census Place,2456450,"North East, MD",5.898620000,0.000000000,0.000000000,1.000000000,1.000000000,1.000000000,1.000000000,1.000000000,1.000000000
Urban,Census Place,2456712,"North Kensington, MD",4.002635000,0.000000000,0.000000000,1.000000000,1.000000000,1.000000000,1.000000000,1.000000000,0.973684211
Urban,Census Place,2456725,"North Laurel, MD",17.274530000,0.000000000,0.000000000,1.000000000,1.000000000,1.000000000,0.987804878,1.000000000,0.890243902
Urban,Census Place,2456875,"North Potomac, MD",17.485195000,0.000000000,0.000000000,1.000000000,0.993975904,1.000000000,0.921686747,0.987951807,0.728915663
Urban,Census Place,2457650,"Oakland, MD",5.161292500,0.000000000,0.000000000,1.000000000,1.000000000,1.000000000,0.979591837,1.000000000,0.714285714
Urban,Census Place,2458225,"Ocean City, MD",12.639900000,0.000000000,0.000000000,1.000000000,1.000000000,1.000000000,0.975000000,1.000000000,0.966666667
Urban,Census Place,2458275,"Ocean Pines, MD",18.959850000,0.000000000,0.000000000,1.000000000,0.966666667,0.983333333,0.411111111,0.822222222,0.316666667
Urban,Census Place,2458300,"Odenton, MD",28.229110000,0.000000000,0.000000000,1.000000000,0.996268657,1.000000000,0.988805970,0.988805970,0.951492537
Urban,Census Place,2458900,"Olney, MD",38.657027500,0.000000000,0.000000000,1.000000000,0.986376022,0.997275204,0.888283379,0.959128065,0.768392371
Urban,Census Place,2459325,"Overlea, MD",7.794605000,0.000000000,0.000000000,1.000000000,1.000000000,1.000000000,1.000000000,1.000000000,0.986486486
Urban,Census Place,2459375,"Owings, MD",4.107967500,0.000000000,0.000000000,1.000000000,1.000000000,1.000000000,0.384615385,0.974358974,0.307692308
Urban,Census Place,2459425,"Owings Mills, MD",23.489147500,0.000000000,0.000000000,1.000000000,1.000000000,1.000000000,1.000000000,1.000000000,0.955156951
Urban,Census Place,2459500,"Oxon Hill, MD",17.590527500,0.000000000,0.000000000,1.000000000,0.994011976,1.000000000,0.988023952,1.000000000,0.964071856
Urban,Census Place,2459787,"Paramount-Long Meadow, MD",4.318632500,0.000000000,0.000000000,1.000000000,1.000000000,1.000000000,1.000000000,1.000000000,1.000000000
Urban,Census Place,2460275,"Parkville, MD",11.375910000,0.000000000,0.000000000,1.000000000,1.000000000,1.000000000,1.000000000,1.000000000,1.000000000
Urban,Census Place,2460325,"Parole, MD",27.913112500,0.000000000,0.000000000,1.000000000,0.973584906,1.000000000,0.973584906,0.981132075,0.886792453
Urban,Census Place,2460475,"Pasadena, MD",43.607655000,0.000000000,0.000000000,1.000000000,0.978260870,1.000000000,0.968599034,0.983091787,0.840579710
Urban,Census Place,2460950,"Peppermill Village, MD",2.001317500,0.000000000,0.000000000,1.000000000,1.000000000,1.000000000,1.000000000,1.000000000,1.000000000
Urban,Census Place,2460975,"Perry Hall, MD",17.379862500,0.000000000,0.000000000,1.000000000,0.945454545,0.987878788,0.963636364,0.957575758,0.933333333
Urban,Census Place,2461075,"Perryman, MD",4.002635000,0.000000000,0.000000000,1.000000000,1.000000000,1.000000000,1.000000000,1.000000000,1.000000000
Urban,Census Place,2461150,"Perryville, MD",6.741280000,0.000000000,0.000000000,1.000000000,1.000000000,1.000000000,1.000000000,1.000000000,1.000000000
Urban,Census Place,2461400,"Pikesville, MD",28.334442500,0.000000000,0.000000000,1.000000000,0.959107807,1.000000000,0.936802974,0.947955390,0.843866171
Urban,Census Place,2462175,"Pleasant Hills, MD",8.426600000,0.000000000,0.000000000,1.000000000,0.812500000,0.975000000,0.975000000,0.962500000,0.875000000
Urban,Census Place,2462850,"Poolesville, MD",7.162610000,0.000000000,0.000000000,1.000000000,0.985294118,1.000000000,0.882352941,0.970588235,0.735294118
Urban,Census Place,2463300,"Potomac, MD",57.195547500,0.000000000,0.000000000,1.000000000,0.992633517,0.996316759,0.898710866,0.946593002,0.744014733
Urban,Census Place,2463375,"Potomac Heights, MD",1.685320000,0.000000000,0.000000000,1.000000000,1.000000000,1.000000000,1.000000000,1.000000000,1.000000000
Urban,Census Place,2463425,"Potomac Park, MD",1.053325000,0.000000000,0.000000000,1.000000000,1.000000000,1.000000000,1.000000000,1.000000000,1.000000000
Urban,Census Place,2464000,"Princess Anne, MD",3.581305000,0.000000000,0.000000000,1.000000000,1.000000000,1.000000000,1.000000000,1.000000000,1.000000000
Urban,Census Place,2464495,"Queen Anne, MD",0.947992500,0.000000000,0.000000000,1.000000000,1.000000000,1.000000000,1.000000000,1.000000000,1.000000000
Urban,Census Place,2464568,"Queensland, MD",6.003952500,0.000000000,0.000000000,1.000000000,1.000000000,1.000000000,0.982456140,0.982456140,0.824561404
Urban,Census Place,2464950,"Randallstown, MD",24.437140000,0.000000000,0.000000000,1.000000000,1.000000000,1.000000000,0.987068966,0.995689655,0.883620690
Urban,Census Place,2465312,"Redland, MD",19.591845000,0.000000000,0.000000000,1.000000000,0.989247312,1.000000000,0.951612903,0.989247312,0.838709677
Urban,Census Place,2465600,"Reisterstown, MD",13.587892500,0.000000000,0.000000000,1.000000000,1.000000000,1.000000000,1.000000000,1.000000000,0.930232558
Urban,Census Place,2466275,"Rising Sun, MD",2.738645000,0.000000000,0.000000000,1.000000000,1.000000000,1.000000000,1.000000000,1.000000000,1.000000000
Urban,Census Place,2466400,"Riva, MD",4.107967500,0.000000000,0.000000000,1.000000000,1.000000000,1.000000000,0.974358974,0.974358974,0.871794872
Urban,Census Place,2466635,"Riverdale Park, MD",4.318632500,0.000000000,0.000000000,1.000000000,1.000000000,1.000000000,1.000000000,1.000000000,1.000000000
Urban,Census Place,2466762,"Riverside, MD",6.951945000,0.000000000,0.000000000,1.000000000,1.000000000,1.000000000,1.000000000,1.000000000,1.000000000
Urban,Census Place,2466850,"Riviera Beach, MD",8.321267500,0.000000000,0.000000000,1.000000000,1.000000000,1.000000000,1.000000000,1.000000000,0.911392405
Urban,Census Place,2467000,"Robinwood, MD",7.583940000,0.000000000,0.000000000,1.000000000,1.000000000,1.000000000,1.000000000,1.000000000,0.986111111
Urban,Census Place,2467675,"Rockville, MD",36.339712500,0.000000000,0.000000000,1.000000000,1.000000000,1.000000000,0.997101449,1.000000000,0.898550725
Urban,Census Place,2468265,"Romancoke, MD",3.791970000,0.000000000,0.000000000,1.000000000,1.000000000,1.000000000,0.972222222,0.944444444,0.888888889
Urban,Census Place,2468300,"Rosaryville, MD",18.643852500,0.000000000,0.000000000,1.000000000,0.971751412,1.000000000,0.920903955,0.971751412,0.841807910
Urban,Census Place,2468400,"Rosedale, MD",19.065182500,0.000000000,0.000000000,1.000000000,1.000000000,1.000000000,1.000000000,1.000000000,0.994475138
Urban,Census Place,2468600,"Rosemont, MD",1.369322500,0.000000000,0.000000000,1.000000000,1.000000000,1.000000000,1.000000000,1.000000000,1.000000000
Urban,Census Place,2468700,"Rossville, MD",14.219887500,0.000000000,0.000000000,1.000000000,1.000000000,1.000000000,1.000000000,1.000000000,1.000000000
Urban,Census Place,2469200,"Sabillasville, MD",0.315997500,0.000000000,0.000000000,1.000000000,1.000000000,1.000000000,1.000000000,1.000000000,1.000000000
Urban,Census Place,2469550,"St. James, MD",7.478607500,0.000000000,0.000000000,1.000000000,0.985915493,1.000000000,1.000000000,1.000000000,1.000000000
Urban,Census Place,2469925,"Salisbury, MD",35.075722500,0.000000000,0.000000000,1.000000000,1.000000000,1.000000000,1.000000000,1.000000000,0.996996997
Urban,Census Place,2470475,"Savage, MD",7.267942500,0.000000000,0.000000000,1.000000000,1.000000000,1.000000000,0.985507246,1.000000000,0.884057971
Urban,Census Place,2470525,"Scaggsville, MD",14.325220000,0.000000000,0.000000000,1.000000000,0.948529412,1.000000000,0.941176471,0.963235294,0.779411765
Urban,Census Place,2470775,"Seabrook, MD",8.110602500,0.000000000,0.000000000,1.000000000,1.000000000,1.000000000,1.000000000,1.000000000,1.000000000
Urban,Census Place,2470850,"Seat Pleasant, MD",2.106650000,0.000000000,0.000000000,1.000000000,1.000000000,1.000000000,1.000000000,1.000000000,1.000000000
Urban,Census Place,2471150,"Severn, MD",48.663615000,0.000000000,0.000000000,1.000000000,1.000000000,1.000000000,0.993506494,0.991341991,0.967532468
Urban,Census Place,2471200,"Severna Park, MD",46.240967500,0.000000000,0.000000000,1.000000000,0.993166287,1.000000000,0.947608200,0.974943052,0.804100228
Urban,Census Place,2472350,"Silver Hill, MD",3.370640000,0.000000000,0.000000000,1.000000000,1.000000000,1.000000000,0.937500000,1.000000000,0.843750000
Urban,Census Place,2472450,"Silver Spring, MD",20.855835000,0.000000000,0.000000000,1.000000000,1.000000000,1.000000000,1.000000000,1.000000000,0.984848485
Urban,Census Place,2472900,"Smithsburg, MD",2.738645000,0.000000000,0.000000000,1.000000000,1.000000000,1.000000000,1.000000000,1.000000000,0.961538462
Urban,Census Place,2473325,"Solomons, MD",5.793287500,0.000000000,0.000000000,1.000000000,1.000000000,1.000000000,1.000000000,1.000000000,1.000000000
Urban,Census Place,2473350,"Somerset, MD",0.526662500,0.000000000,0.000000000,1.000000000,1.000000000,1.000000000,1.000000000,1.000000000,1.000000000
Urban,Census Place,2473600,"South Kensington, MD",6.319950000,0.000000000,0.000000000,1.000000000,1.000000000,1.000000000,1.000000000,1.000000000,0.900000000
Urban,Census Place,2473650,"South Laurel, MD",18.117190000,0.000000000,0.000000000,1.000000000,0.976744186,1.000000000,0.965116279,0.988372093,0.901162791
Urban,Census Place,2474050,"Spencerville, MD",3.581305000,0.000000000,0.000000000,1.000000000,1.000000000,1.000000000,0.794117647,0.852941176,0.441176471
Urban,Census Place,2474282,"Springdale, MD",3.581305000,0.000000000,0.000000000,1.000000000,1.000000000,1.000000000,1.000000000,1.000000000,0.970588235
Urban,Census Place,2474560,"Spring Ridge, MD",7.057277500,0.000000000,0.000000000,1.000000000,0.985074627,1.000000000,1.000000000,1.000000000,0.940298507
Urban,Census Place,2475025,"Stevensville, MD",16.221205000,0.000000000,0.000000000,1.000000000,0.980519481,0.993506494,0.831168831,0.987012987,0.688311688
Urban,Census Place,2475725,"Suitland, MD",11.586575000,0.000000000,0.000000000,1.000000000,1.000000000,1.000000000,1.000000000,1.000000000,0.990909091
Urban,Census Place,2475810,"Summerfield, MD",9.795922500,0.000000000,0.000000000,1.000000000,1.000000000,1.000000000,1.000000000,1.000000000,1.000000000
Urban,Census Place,2476550,"Sykesville, MD",3.054642500,0.000000000,0.000000000,1.000000000,1.000000000,1.000000000,1.000000000,1.000000000,0.931034483
Urban,Census Place,2476650,"Takoma Park, MD",5.687955000,0.000000000,0.000000000,1.000000000,1.000000000,1.000000000,1.000000000,1.000000000,1.000000000
Urban,Census Place,2476725,"Taneytown, MD",5.477290000,0.000000000,0.000000000,1.000000000,1.000000000,1.000000000,1.000000000,1.000000000,1.000000000
Urban,Census Place,2477100,"Temple Hills, MD",3.686637500,0.000000000,0.000000000,1.000000000,1.000000000,1.000000000,1.000000000,1.000000000,0.942857143
Urban,Census Place,2477262,"Ten Mile Creek, MD",0.210665000,0.000000000,0.000000000,1.000000000,1.000000000,1.000000000,1.000000000,1.000000000,1.000000000
Urban,Census Place,2477825,"Thurmont, MD",7.478607500,0.000000000,0.000000000,1.000000000,1.000000000,1.000000000,1.000000000,1.000000000,1.000000000
Urban,Census Place,2478050,"Timonium, MD",11.375910000,0.000000000,0.000000000,1.000000000,1.000000000,1.000000000,0.990740741,0.990740741,0.888888889
Urban,Census Place,2478425,"Towson, MD",38.130365000,0.000000000,0.000000000,1.000000000,0.991712707,1.000000000,0.988950276,0.988950276,0.939226519
Urban,Census Place,2478650,"Travilah, MD",25.911795000,0.000000000,0.000000000,1.000000000,0.963414634,0.979674797,0.666666667,0.882113821,0.508130081
Urban,Census Place,2479675,"University Park, MD",1.263990000,0.000000000,0.000000000,1.000000000,1.000000000,1.000000000,1.000000000,1.000000000,1.000000000
Urban,Census Place,2479875,"Upper Marlboro, MD",1.895985000,0.000000000,0.000000000,1.000000000,1.000000000,1.000000000,1.000000000,1.000000000,1.000000000
Urban,Census Place,2479900,"Urbana, MD",8.531932500,0.000000000,0.000000000,1.000000000,0.901234568,1.000000000,1.000000000,1.000000000,0.938271605
Urban,Census Place,2481175,"Waldorf, MD",79.736702500,0.000000000,0.000000000,1.000000000,0.994715984,1.000000000,0.957727873,0.992073976,0.865257596
Urban,Census Place,2481250,"Walker Mill, MD",8.110602500,0.000000000,0.000000000,1.000000000,0.974025974,1.000000000,1.000000000,1.000000000,0.987012987
Urban,Census Place,2481275,"Walkersville, MD",6.319950000,0.000000000,0.000000000,1.000000000,1.000000000,1.000000000,0.983333333,1.000000000,0.916666667
Urban,Census Place,2481675,"Washington Grove, MD",0.737327500,0.000000000,0.000000000,1.000000000,1.000000000,1.000000000,1.000000000,1.000000000,1.000000000
Urban,Census Place,2482625,"West Denton, MD",0.210665000,0.000000000,0.000000000,1.000000000,1.000000000,1.000000000,1.000000000,1.000000000,1.000000000
Urban,Census Place,2483025,"West Laurel, MD",6.003952500,0.000000000,0.000000000,1.000000000,0.982456140,1.000000000,0.947368421,0.982456140,0.824561404
Urban,Census Place,2483100,"Westminster, MD",17.063865000,0.000000000,0.000000000,1.000000000,1.000000000,1.000000000,0.993827160,0.993827160,0.962962963
Urban,Census Place,2483225,"West Ocean City, MD",12.323902500,0.000000000,0.000000000,1.000000000,1.000000000,1.000000000,0.811965812,0.991452991,0.632478632
Urban,Census Place,2483290,"Westphalia, MD",14.325220000,0.000000000,0.000000000,1.000000000,0.955882353,1.000000000,1.000000000,1.000000000,0.911764706
Urban,Census Place,2483775,"Wheaton, MD",18.117190000,0.000000000,0.000000000,1.000000000,1.000000000,1.000000000,1.000000000,1.000000000,0.947674419
Urban,Census Place,2484350,"White Marsh, MD",14.009222500,0.000000000,0.000000000,1.000000000,1.000000000,1.000000000,0.954887218,1.000000000,0.857142857
Urban,Census Place,2484375,"White Oak, MD",8.847930000,0.000000000,0.000000000,1.000000000,1.000000000,1.000000000,0.976190476,0.988095238,0.880952381
Urban,Census Place,2484784,"Wildewood, MD",7.794605000,0.000000000,0.000000000,1.000000000,1.000000000,1.000000000,1.000000000,1.000000000,0.959459459
Urban,Census Place,2485100,"Williamsport, MD",2.317315000,0.000000000,0.000000000,1.000000000,1.000000000,1.000000000,1.000000000,1.000000000,1.000000000
Urban,Census Place,2485395,"Wilson-Conococheague, MD",2.211982500,0.000000000,0.000000000,1.000000000,1.000000000,1.000000000,1.000000000,1.000000000,1.000000000
Urban,Census Place,2486475,"Woodlawn, MD",25.490465000,0.000000000,0.000000000,1.000000000,0.995867769,1.000000000,0.975206612,0.987603306,0.942148760
Urban,Census Place,2486525,"Woodlawn, MD",3.265307500,0.000000000,0.000000000,1.000000000,1.000000000,1.000000000,1.000000000,1.000000000,1.000000000
Urban,Census Place,2486710,"Woodmore, MD",17.801192500,0.000000000,0.000000000,1.000000000,1.000000000,1.000000000,0.958579882,1.000000000,0.763313609
Rural,Census Place,2400125,"Aberdeen, MD",1.053325000,0.000000000,0.000000000,1.000000000,1.000000000,1.000000000,1.000000000,1.000000000,0.900000000
Rural,Census Place,2400175,"Aberdeen Proving Ground, MD",27.281117500,0.000000000,0.000000000,1.000000000,0.918918919,0.996138996,0.830115830,0.729729730,0.509652510
Rural,Census Place,2400225,"Accident, MD",1.263990000,0.000000000,0.000000000,1.000000000,1.000000000,1.000000000,1.000000000,0.750000000,0.750000000
Rural,Census Place,2400250,"Accokeek, MD",51.086262500,0.000000000,0.000000000,1.000000000,0.820618557,0.987628866,0.824742268,0.909278351,0.587628866
Rural,Census Place,2400712,"Algonquin, MD",5.898620000,0.000000000,0.000000000,1.000000000,0.964285714,0.392857143,0.035714286,0.232142857,0.017857143
Rural,Census Place,2400800,"Allen, MD",1.263990000,0.000000000,0.000000000,1.000000000,1.000000000,1.000000000,1.000000000,1.000000000,1.000000000
Rural,Census Place,2401600,"Annapolis, MD",1.369322500,0.000000000,0.000000000,1.000000000,1.000000000,1.000000000,1.000000000,1.000000000,1.000000000
Rural,Census Place,2401635,"Annapolis Neck, MD",9.585257500,0.000000000,0.000000000,1.000000000,0.868131868,1.000000000,1.000000000,1.000000000,0.989010989
Rural,Census Place,2401750,"Antietam, MD",0.421330000,0.000000000,0.000000000,1.000000000,0.500000000,1.000000000,1.000000000,0.750000000,0.250000000
Rural,Census Place,2401925,"Aquasco, MD",59.407530000,0.000000000,0.000000000,0.996453901,0.625886525,0.927304965,0.425531915,0.682624113,0.276595745
Rural,Census Place,2401975,"Arbutus, MD",1.158657500,0.000000000,0.000000000,1.000000000,1.000000000,1.000000000,1.000000000,1.000000000,1.000000000
Rural,Census Place,2402025,"Arden on the Severn, MD",1.790652500,0.000000000,0.000000000,1.000000000,1.000000000,1.000000000,0.764705882,0.823529412,0.529411765
Rural,Census Place,2402275,"Arnold, MD",6.319950000,0.000000000,0.000000000,1.000000000,0.916666667,1.000000000,0.983333333,0.983333333,0.966666667
Rural,Census Place,2402762,"Ashton-Sandy Spring, MD",15.694542500,0.000000000,0.000000000,1.000000000,0.973154362,0.993288591,0.765100671,0.845637584,0.570469799
Rural,Census Place,2403500,"Baden, MD",75.839400000,0.000000000,0.000000000,1.000000000,0.687500000,0.937500000,0.393055556,0.741666667,0.225000000
Rural,Census Place,2403514,"Bagtown, MD",1.474655000,0.000000000,0.000000000,1.000000000,1.000000000,1.000000000,1.000000000,1.000000000,1.000000000
Rural,Census Place,2403575,"Bakersville, MD",0.210665000,0.000000000,0.000000000,1.000000000,0.500000000,1.000000000,1.000000000,1.000000000,0.500000000
Rural,Census Place,2403800,"Ballenger Creek, MD",6.530615000,0.000000000,0.000000000,1.000000000,0.967741935,1.000000000,1.000000000,1.000000000,1.000000000
Rural,Census Place,2404000,"Baltimore, MD",23.594480000,0.000000000,0.000000000,1.000000000,1.000000000,1.000000000,1.000000000,1.000000000,1.000000000
Rural,Census Place,2404250,"Barclay, MD",0.526662500,0.000000000,0.000000000,1.000000000,0.400000000,0.600000000,0.000000000,0.400000000,0.000000000
Rural,Census Place,2404475,"Barnesville, MD",1.263990000,0.000000000,0.000000000,1.000000000,1.000000000,1.000000000,1.000000000,1.000000000,0.666666667
Rural,Census Place,2404525,"Barrelville, MD",0.105332500,0.000000000,0.000000000,0.000000000,0.000000000,0.000000000,0.000000000,0.000000000,0.000000000
Rural,Census Place,2404625,"Barton, MD",0.631995000,0.000000000,0.000000000,1.000000000,1.000000000,1.000000000,0.833333333,1.000000000,0.833333333
Rural,Census Place,2404650,"Bartonsville, MD",0.842660000,0.000000000,0.000000000,1.000000000,1.000000000,1.000000000,1.000000000,1.000000000,1.000000000
Rural,Census Place,2405250,"Beaver Creek, MD",2.106650000,0.000000000,0.000000000,1.000000000,1.000000000,1.000000000,1.000000000,1.000000000,1.000000000
Rural,Census Place,2405825,"Bel Air North, MD",10.849247500,0.000000000,0.000000000,1.000000000,0.796116505,1.000000000,1.000000000,1.000000000,0.961165049
Rural,Census Place,2405950,"Bel Air South, MD",2.422647500,0.000000000,0.000000000,1.000000000,0.913043478,1.000000000,1.000000000,1.000000000,0.913043478
Rural,Census Place,2406400,"Beltsville, MD",0.526662500,0.000000000,0.000000000,1.000000000,1.000000000,1.000000000,1.000000000,1.000000000,1.000000000
Rural,Census Place,2406550,"Benedict, MD",0.631995000,0.000000000,0.000000000,1.000000000,0.833333333,1.000000000,0.833333333,0.500000000,0.000000000
Rural,Census Place,2406662,"Bensville, MD",12.218570000,0.000000000,0.000000000,1.000000000,0.801724138,0.965517241,0.750000000,0.827586207,0.586206897
Rural,Census Place,2406800,"Berlin, MD",2.106650000,0.000000000,0.000000000,1.000000000,0.950000000,1.000000000,0.950000000,1.000000000,0.850000000
Rural,Census Place,2407200,"Betterton, MD",2.738645000,0.000000000,0.000000000,1.000000000,0.923076923,0.923076923,0.423076923,0.615384615,0.346153846
Rural,Census Place,2407285,"Bier, MD",3.791970000,0.000000000,0.000000000,1.000000000,1.000000000,1.000000000,1.000000000,1.000000000,0.916666667
Rural,Census Place,2407375,"Big Pool, MD",0.210665000,0.000000000,0.000000000,1.000000000,1.000000000,1.000000000,1.000000000,1.000000000,1.000000000
Rural,Census Place,2407400,"Big Spring, MD",0.421330000,0.000000000,0.000000000,1.000000000,0.750000000,1.000000000,1.000000000,1.000000000,1.000000000
Rural,Census Place,2407625,"Bishopville, MD",8.110602500,0.000000000,0.000000000,1.000000000,0.909090909,1.000000000,0.415584416,0.896103896,0.298701299
Rural,Census Place,2407675,"Bivalve, MD",4.529297500,0.000000000,0.000000000,0.674418605,0.069767442,0.302325581,0.023255814,0.302325581,0.023255814
Rural,Census Place,2408050,"Bloomington, MD",1.790652500,0.000000000,0.000000000,1.000000000,1.000000000,1.000000000,0.882352941,1.000000000,0.823529412
Rural,Census Place,2408625,"Boonsboro, MD",8.321267500,0.000000000,0.000000000,1.000000000,1.000000000,1.000000000,1.000000000,1.000000000,1.000000000
Rural,Census Place,2408775,"Bowie, MD",1.474655000,0.000000000,0.000000000,1.000000000,1.000000000,1.000000000,0.928571429,1.000000000,0.642857143
Rural,Census Place,2408800,"Bowleys Quarters, MD",4.950627500,0.000000000,0.000000000,1.000000000,0.936170213,0.957446809,0.787234043,0.765957447,0.638297872
Rural,Census Place,2408850,"Bowling Green, MD",0.105332500,0.000000000,0.000000000,1.000000000,1.000000000,1.000000000,1.000000000,1.000000000,1.000000000
Rural,Census Place,2408862,"Bowmans Addition, MD",2.317315000,0.000000000,0.000000000,1.000000000,0.772727273,1.000000000,1.000000000,1.000000000,1.000000000
Rural,Census Place,2409100,"Braddock Heights, MD",3.265307500,0.000000000,0.000000000,1.000000000,0.903225806,1.000000000,0.967741935,1.000000000,0.806451613
Rural,Census Place,2409325,"Brandywine, MD",44.239650000,0.000000000,0.000000000,1.000000000,0.888095238,1.000000000,0.919047619,0.978571429,0.754761905
Rural,Census Place,2409400,"Breathedsville, MD",1.158657500,0.000000000,0.000000000,1.000000000,1.000000000,1.000000000,1.000000000,1.000000000,1.000000000
Rural,Census Place,2410150,"Brock Hall, MD",0.210665000,0.000000000,0.000000000,1.000000000,1.000000000,1.000000000,1.000000000,1.000000000,1.000000000
Rural,Census Place,2410225,"Brookeville, MD",0.105332500,0.000000000,0.000000000,1.000000000,1.000000000,1.000000000,1.000000000,1.000000000,1.000000000
Rural,Census Place,2410575,"Brookview, MD",0.105332500,0.000000000,0.000000000,1.000000000,1.000000000,1.000000000,0.000000000,1.000000000,0.000000000
Rural,Census Place,2410650,"Broomes Island, MD",1.790652500,0.000000000,0.000000000,1.000000000,0.411764706,0.764705882,0.352941176,0.529411765,0.058823529
Rural,Census Place,2410737,"Brown Station, MD",10.954580000,0.000000000,0.000000000,1.000000000,1.000000000,1.000000000,0.990384615,0.990384615,0.894230769
Rural,Census Place,2410800,"Brownsville, MD",0.737327500,0.000000000,0.000000000,1.000000000,0.857142857,1.000000000,1.000000000,1.000000000,0.428571429
Rural,Census Place,2410900,"Brunswick, MD",2.843977500,0.000000000,0.000000000,1.000000000,1.000000000,1.000000000,0.888888889,1.000000000,0.777777778
Rural,Census Place,2410925,"Bryans Road, MD",29.809097500,0.000000000,0.000000000,0.996466431,0.738515901,0.989399293,0.636042403,0.837455830,0.487632509
Rural,Census Place,2410950,"Bryantown, MD",11.270577500,0.000000000,0.000000000,1.000000000,0.757009346,1.000000000,0.738317757,0.869158879,0.523364486
Rural,Census Place,2411400,"Burkittsville, MD",1.263990000,0.000000000,0.000000000,1.000000000,0.916666667,1.000000000,1.000000000,1.000000000,1.000000000
Rural,Census Place,2411750,"Burtonsville, MD",10.217252500,0.000000000,0.000000000,1.000000000,0.948453608,1.000000000,0.958762887,0.958762887,0.845360825
Rural,Census Place,2411900,"Butlertown, MD",2.001317500,0.000000000,0.000000000,1.000000000,0.736842105,0.842105263,0.157894737,0.473684211,0.105263158
Rural,Census Place,2412075,"Cabin John, MD",0.105332500,0.000000000,0.000000000,1.000000000,1.000000000,1.000000000,1.000000000,1.000000000,1.000000000
Rural,Census Place,2412150,"California, MD",15.378545000,0.000000000,0.000000000,1.000000000,0.897260274,1.000000000,1.000000000,1.000000000,0.952054795
Rural,Census Place,2412175,"Callaway, MD",9.269260000,0.000000000,0.000000000,1.000000000,0.886363636,1.000000000,1.000000000,1.000000000,0.988636364
Rural,Census Place,2412300,"Calvert Beach, MD",2.211982500,0.000000000,0.000000000,1.000000000,0.380952381,1.000000000,0.476190476,0.809523810,0.238095238
Rural,Census Place,2412400,"Cambridge, MD",17.379862500,0.000000000,0.000000000,1.000000000,0.896969697,0.957575758,0.545454545,0.842424242,0.351515152
Rural,Census Place,2412912,"Cape St. Claire, MD",0.842660000,0.000000000,0.000000000,1.000000000,1.000000000,1.000000000,1.000000000,1.000000000,1.000000000
Rural,Census Place,2413225,"Carlos, MD",0.631995000,0.000000000,0.000000000,1.000000000,0.833333333,1.000000000,1.000000000,1.000000000,1.000000000
Rural,Census Place,2413325,"Carney, MD",1.685320000,0.000000000,0.000000000,1.000000000,0.937500000,0.937500000,0.812500000,0.812500000,0.562500000
Rural,Census Place,2414125,"Catonsville, MD",1.579987500,0.000000000,0.000000000,1.000000000,1.000000000,1.000000000,1.000000000,0.866666667,0.800000000
Rural,Census Place,2414225,"Cavetown, MD",2.317315000,0.000000000,0.000000000,1.000000000,0.954545455,1.000000000,1.000000000,1.000000000,1.000000000
Rural,Census Place,2414325,"Cecilton, MD",1.474655000,0.000000000,0.000000000,1.000000000,1.000000000,1.000000000,1.000000000,1.000000000,0.857142857
Rural,Census Place,2414800,"Cedarville, MD",35.813050000,0.000000000,0.000000000,1.000000000,0.858823529,0.982352941,0.620588235,0.838235294,0.414705882
Rural,Census Place,2414950,"Centreville, MD",7.057277500,0.000000000,0.000000000,1.000000000,0.985074627,1.000000000,0.865671642,0.985074627,0.850746269
Rural,Census Place,2415075,"Chance, MD",7.057277500,0.000000000,0.000000000,1.000000000,0.910447761,0.701492537,0.537313433,0.671641791,0.507462687
Rural,Census Place,2415400,"Charlestown, MD",0.842660000,0.000000000,0.000000000,1.000000000,1.000000000,1.000000000,1.000000000,1.000000000,1.000000000
Rural,Census Place,2415475,"Charlotte Hall, MD",13.798557500,0.000000000,0.000000000,1.000000000,0.870229008,0.984732824,0.549618321,0.908396947,0.427480916
Rural,Census Place,2415500,"Charlton, MD",0.315997500,0.000000000,0.000000000,1.000000000,1.000000000,1.000000000,1.000000000,1.000000000,1.000000000
Rural,Census Place,2415950,"Chesapeake City, MD",1.895985000,0.000000000,0.000000000,1.000000000,1.000000000,1.000000000,1.000000000,1.000000000,1.000000000
Rural,Census Place,2416025,"Chesapeake Landing, MD",3.159975000,0.000000000,0.000000000,0.800000000,0.000000000,0.033333333,0.000000000,0.000000000,0.000000000
Rural,Census Place,2416125,"Chester, MD",6.109285000,0.000000000,0.000000000,1.000000000,1.000000000,1.000000000,0.965517241,0.948275862,0.775862069
Rural,Census Place,2416225,"Chestertown, MD",2.106650000,0.000000000,0.000000000,1.000000000,1.000000000,0.800000000,0.750000000,0.800000000,0.350000000
Rural,Census Place,2416800,"Chewsville, MD",1.579987500,0.000000000,0.000000000,1.000000000,1.000000000,1.000000000,1.000000000,1.000000000,1.000000000
Rural,Census Place,2417000,"Choptank, MD",0.631995000,0.000000000,0.000000000,1.000000000,0.500000000,1.000000000,0.000000000,0.666666667,0.000000000
Rural,Census Place,2417050,"Church Creek, MD",0.947992500,0.000000000,0.000000000,1.000000000,1.000000000,1.000000000,0.777777778,1.000000000,0.777777778
Rural,Census Place,2417100,"Church Hill, MD",1.685320000,0.000000000,0.000000000,1.000000000,1.000000000,1.000000000,0.687500000,1.000000000,0.687500000
Rural,Census Place,2417350,"Clarksburg, MD",8.215935000,0.000000000,0.000000000,1.000000000,0.871794872,0.987179487,0.948717949,0.961538462,0.782051282
Rural,Census Place,2417600,"Clear Spring, MD",0.315997500,0.000000000,0.000000000,1.000000000,1.000000000,1.000000000,1.000000000,1.000000000,0.666666667
Rural,Census Place,2417900,"Clinton, MD",22.751820000,0.000000000,0.000000000,1.000000000,0.879629630,0.995370370,0.708333333,0.907407407,0.472222222
Rural,Census Place,2418200,"Cobb Island, MD",2.527980000,0.000000000,0.000000000,1.000000000,1.000000000,1.000000000,0.958333333,1.000000000,0.958333333
Rural,Census Place,2418250,"Cockeysville, MD",4.107967500,0.000000000,0.000000000,1.000000000,0.769230769,1.000000000,0.871794872,0.974358974,0.692307692
Rural,Census Place,2419900,"Cordova, MD",12.850565000,0.000000000,0.000000000,1.000000000,0.852459016,0.893442623,0.262295082,0.704918033,0.114754098
Rural,Census Place,2419975,"Corriganville, MD",0.210665000,0.000000000,0.000000000,1.000000000,1.000000000,1.000000000,0.500000000,1.000000000,0.500000000
Rural,Census Place,2420500,"Crellin, MD",1.895985000,0.000000000,0.000000000,1.000000000,1.000000000,1.000000000,1.000000000,1.000000000,0.944444444
Rural,Census Place,2420525,"Cresaptown, MD",0.737327500,0.000000000,0.000000000,1.000000000,0.857142857,1.000000000,1.000000000,1.000000000,1.000000000
Rural,Census Place,2420775,"Crisfield, MD",4.213300000,0.000000000,0.000000000,1.000000000,0.950000000,0.325000000,0.300000000,0.325000000,0.275000000
Rural,Census Place,2420875,"Crofton, MD",0.526662500,0.000000000,0.000000000,1.000000000,1.000000000,1.000000000,1.000000000,1.000000000,0.800000000
Rural,Census Place,2420925,"Croom, MD",94.693917500,0.000000000,0.000000000,1.000000000,0.764182425,0.890989989,0.611790879,0.743047831,0.436040044
Rural,Census Place,2421075,"Crownsville, MD",12.745232500,0.000000000,0.000000000,1.000000000,0.719008264,0.958677686,0.710743802,0.760330579,0.603305785
Rural,Census Place,2421150,"Crumpton, MD",2.738645000,0.000000000,0.000000000,1.000000000,0.538461538,0.884615385,0.038461538,0.730769231,0.038461538
Rural,Census Place,2421325,"Cumberland, MD",4.634630000,0.000000000,0.000000000,1.000000000,0.977272727,1.000000000,1.000000000,1.000000000,0.818181818
Rural,Census Place,2421475,"Damascus, MD",14.641217500,0.000000000,0.000000000,1.000000000,0.971223022,1.000000000,0.942446043,0.978417266,0.856115108
Rural,Census Place,2421550,"Dames Quarter, MD",49.190277500,0.000000000,0.000000000,1.000000000,0.653104925,0.730192719,0.323340471,0.556745182,0.252676660
Rural,Census Place,2421675,"Danville, MD",2.843977500,0.000000000,0.000000000,1.000000000,0.481481481,0.925925926,0.555555556,0.814814815,0.037037037
Rural,Census Place,2421750,"Dargan, MD",0.947992500,0.000000000,0.000000000,1.000000000,0.111111111,0.666666667,0.333333333,0.333333333,0.222222222
Rural,Census Place,2421800,"Darlington, MD",2.527980000,0.000000000,0.000000000,1.000000000,0.791666667,1.000000000,1.000000000,1.000000000,0.541666667
Rural,Census Place,2421825,"Darnestown, MD",33.495735000,0.000000000,0.000000000,1.000000000,0.823899371,0.896226415,0.606918239,0.698113208,0.415094340
Rural,Census Place,2421925,"Dawson, MD",1.579987500,0.000000000,0.000000000,1.000000000,0.066666667,0.666666667,0.133333333,0.266666667,0.000000000
Rural,Census Place,2422050,"Deale, MD",15.799875000,0.000000000,0.000000000,1.000000000,0.960000000,0.973333333,0.740000000,0.913333333,0.673333333
Rural,Census Place,2422100,"Deal Island, MD",14.957215000,0.000000000,0.000000000,1.000000000,0.901408451,0.598591549,0.556338028,0.598591549,0.556338028
Rural,Census Place,2422275,"Deer Park, MD",2.633312500,0.000000000,0.000000000,1.000000000,0.720000000,1.000000000,0.640000000,0.920000000,0.360000000
Rural,Census Place,2422600,"Delmar, MD",0.315997500,0.000000000,0.000000000,1.000000000,1.000000000,1.000000000,1.000000000,1.000000000,1.000000000
Rural,Census Place,2422725,"Denton, MD",6.951945000,0.000000000,0.000000000,1.000000000,0.787878788,0.984848485,0.500000000,0.757575758,0.257575758
Rural,Census Place,2422825,"Detmold, MD",0.315997500,0.000000000,0.000000000,1.000000000,1.000000000,1.000000000,1.000000000,1.000000000,1.000000000
Rural,Census Place,2423500,"Downsville, MD",1.790652500,0.000000000,0.000000000,1.000000000,1.000000000,1.000000000,1.000000000,1.000000000,1.000000000
Rural,Census Place,2423975,"Dundalk, MD",5.161292500,0.000000000,0.000000000,1.000000000,1.000000000,1.000000000,1.000000000,1.000000000,0.979591837
Rural,Census Place,2424050,"Dunkirk, MD",19.065182500,0.000000000,0.000000000,1.000000000,0.745856354,1.000000000,0.640883978,0.955801105,0.480662983
Rural,Census Place,2424200,"Eagle Harbor, MD",0.210665000,0.000000000,0.000000000,1.000000000,1.000000000,1.000000000,1.000000000,1.000000000,0.500000000
Rural,Census Place,2424250,"Eakles Mill, MD",0.105332500,0.000000000,0.000000000,1.000000000,1.000000000,1.000000000,1.000000000,1.000000000,1.000000000
Rural,Census Place,2424450,"East New Market, MD",1.158657500,0.000000000,0.000000000,1.000000000,0.909090909,1.000000000,0.454545455,0.727272727,0.454545455
Rural,Census Place,2424475,"Easton, MD",4.634630000,0.000000000,0.000000000,1.000000000,0.931818182,0.977272727,0.750000000,0.931818182,0.681818182
Rural,Census Place,2424825,"Eckhart Mines, MD",2.843977500,0.000000000,0.000000000,1.000000000,1.000000000,1.000000000,1.000000000,1.000000000,1.000000000
Rural,Census Place,2424850,"Eden, MD",15.589210000,0.000000000,0.000000000,1.000000000,0.972972973,1.000000000,1.000000000,1.000000000,0.993243243
Rural,Census Place,2424925,"Edesville, MD",0.737327500,0.000000000,0.000000000,1.000000000,1.000000000,1.000000000,0.714285714,1.000000000,0.714285714
Rural,Census Place,2424950,"Edgemere, MD",27.386450000,0.000000000,0.000000000,1.000000000,0.903846154,1.000000000,0.934615385,0.950000000,0.873076923
Rural,Census Place,2425000,"Edgemont, MD",1.369322500,0.000000000,0.000000000,1.000000000,1.000000000,1.000000000,1.000000000,1.000000000,0.923076923
Rural,Census Place,2425050,"Edgewater, MD",1.263990000,0.000000000,0.000000000,1.000000000,1.000000000,1.000000000,1.000000000,1.000000000,1.000000000
Rural,Census Place,2425150,"Edgewood, MD",16.010540000,0.000000000,0.000000000,1.000000000,0.960526316,1.000000000,0.967105263,0.861842105,0.578947368
Rural,Census Place,2425575,"Eldersburg, MD",66.359475000,0.000000000,0.000000000,1.000000000,0.884126984,0.968253968,0.847619048,0.861904762,0.731746032
Rural,Census Place,2425600,"Eldorado, MD",0.210665000,0.000000000,0.000000000,1.000000000,1.000000000,1.000000000,1.000000000,1.000000000,1.000000000
Rural,Census Place,2425800,"Elkton, MD",0.947992500,0.000000000,0.000000000,1.000000000,1.000000000,1.000000000,1.000000000,1.000000000,1.000000000
Rural,Census Place,2425925,"Ellerslie, MD",1.790652500,0.000000000,0.000000000,0.882352941,0.058823529,0.294117647,0.058823529,0.294117647,0.000000000
Rural,Census Place,2426000,"Ellicott City, MD",2.106650000,0.000000000,0.000000000,1.000000000,0.900000000,1.000000000,0.850000000,0.900000000,0.850000000
Rural,Census Place,2426025,"Elliott, MD",0.842660000,0.000000000,0.000000000,0.875000000,0.000000000,0.000000000,0.000000000,0.000000000,0.000000000
Rural,Census Place,2426200,"Emmitsburg, MD",4.002635000,0.000000000,0.000000000,1.000000000,1.000000000,1.000000000,0.973684211,1.000000000,0.973684211
Rural,Census Place,2426550,"Ernstville, MD",0.526662500,0.000000000,0.000000000,1.000000000,1.000000000,1.000000000,1.000000000,1.000000000,1.000000000
Rural,Census Place,2426600,"Essex, MD",0.105332500,0.000000000,0.000000000,1.000000000,1.000000000,1.000000000,1.000000000,1.000000000,1.000000000
Rural,Census Place,2427325,"Fairlee, MD",10.217252500,0.000000000,0.000000000,1.000000000,0.845360825,0.969072165,0.659793814,0.865979381,0.494845361
Rural,Census Place,2427375,"Fairmount, MD",46.346300000,0.000000000,0.000000000,1.000000000,0.729545455,0.763636364,0.379545455,0.563636364,0.293181818
Rural,Census Place,2427425,"Fairplay, MD",3.159975000,0.000000000,0.000000000,1.000000000,1.000000000,1.000000000,0.966666667,1.000000000,0.933333333
Rural,Census Place,2427500,"Fairview, MD",0.526662500,0.000000000,0.000000000,1.000000000,1.000000000,1.000000000,1.000000000,1.000000000,1.000000000
Rural,Census Place,2427700,"Fallston, MD",17.169197500,0.000000000,0.000000000,0.981595092,0.668711656,1.000000000,0.914110429,0.907975460,0.742331288
Rural,Census Place,2427900,"Federalsburg, MD",5.477290000,0.000000000,0.000000000,1.000000000,1.000000000,1.000000000,1.000000000,1.000000000,0.942307692
Rural,Census Place,2428275,"Finzel, MD",10.427917500,0.000000000,0.000000000,1.000000000,0.494949495,0.979797980,0.939393939,0.949494949,0.828282828
Rural,Census Place,2428300,"Fishing Creek, MD",4.002635000,0.000000000,0.000000000,1.000000000,0.157894737,0.684210526,0.078947368,0.263157895,0.000000000
Rural,Census Place,2428425,"Flintstone, MD",0.947992500,0.000000000,0.000000000,1.000000000,1.000000000,1.000000000,0.888888889,1.000000000,0.777777778
Rural,Census Place,2429400,"Fort Meade, MD",1.790652500,0.000000000,0.000000000,1.000000000,1.000000000,1.000000000,1.000000000,1.000000000,0.941176471
Rural,Census Place,2429450,"Fort Ritchie, MD",1.895985000,0.000000000,0.000000000,1.000000000,0.888888889,0.888888889,0.500000000,0.611111111,0.333333333
Rural,Census Place,2429525,"Fort Washington, MD",5.055960000,0.000000000,0.000000000,1.000000000,0.958333333,0.979166667,0.812500000,0.916666667,0.479166667
Rural,Census Place,2429712,"Fountainhead-Orchard Hills, MD",0.315997500,0.000000000,0.000000000,1.000000000,1.000000000,1.000000000,1.000000000,1.000000000,1.000000000
Rural,Census Place,2430100,"Franklin, MD",0.526662500,0.000000000,0.000000000,1.000000000,0.400000000,0.600000000,0.200000000,0.400000000,0.200000000
Rural,Census Place,2430325,"Frederick, MD",6.530615000,0.000000000,0.000000000,1.000000000,1.000000000,1.000000000,1.000000000,1.000000000,0.983870968
Rural,Census Place,2430567,"Frenchtown-Rumbly, MD",22.646487500,0.000000000,0.000000000,1.000000000,0.432558140,0.595348837,0.079069767,0.209302326,0.004651163
Rural,Census Place,2430650,"Friendship, MD",4.634630000,0.000000000,0.000000000,1.000000000,0.704545455,0.863636364,0.363636364,0.750000000,0.181818182
Rural,Census Place,2430850,"Friendsville, MD",2.422647500,0.000000000,0.000000000,1.000000000,0.956521739,1.000000000,0.869565217,1.000000000,0.869565217
Rural,Census Place,2430900,"Frostburg, MD",0.737327500,0.000000000,0.000000000,1.000000000,1.000000000,1.000000000,1.000000000,1.000000000,1.000000000
Rural,Census Place,2430950,"Fruitland, MD",1.579987500,0.000000000,0.000000000,1.000000000,0.800000000,1.000000000,1.000000000,1.000000000,1.000000000
Rural,Census Place,2431025,"Fulton, MD",4.529297500,0.000000000,0.000000000,1.000000000,0.976744186,1.000000000,0.976744186,1.000000000,0.813953488
Rural,Census Place,2431100,"Funkstown, MD",0.737327500,0.000000000,0.000000000,1.000000000,1.000000000,1.000000000,1.000000000,1.000000000,1.000000000
Rural,Census Place,2431225,"Galena, MD",1.053325000,0.000000000,0.000000000,1.000000000,1.000000000,1.000000000,1.000000000,0.900000000,0.900000000
Rural,Census Place,2431250,"Galestown, MD",0.737327500,0.000000000,0.000000000,1.000000000,1.000000000,1.000000000,0.428571429,1.000000000,0.428571429
Rural,Census Place,2431275,"Galesville, MD",4.529297500,0.000000000,0.000000000,1.000000000,1.000000000,1.000000000,1.000000000,0.976744186,0.883720930
Rural,Census Place,2431350,"Gambrills, MD",14.114555000,0.000000000,0.000000000,1.000000000,1.000000000,1.000000000,0.940298507,0.977611940,0.768656716
Rural,Census Place,2431400,"Gapland, MD",0.526662500,0.000000000,0.000000000,1.000000000,1.000000000,1.000000000,1.000000000,1.000000000,1.000000000
Rural,Census Place,2431575,"Garretts Mill, MD",1.369322500,0.000000000,0.000000000,1.000000000,0.615384615,0.923076923,0.461538462,0.923076923,0.461538462
Rural,Census Place,2431625,"Garrison, MD",0.737327500,0.000000000,0.000000000,1.000000000,1.000000000,1.000000000,1.000000000,1.000000000,0.714285714
Rural,Census Place,2431875,"Georgetown, MD",4.107967500,0.000000000,0.000000000,1.000000000,0.820512821,0.897435897,0.282051282,0.666666667,0.230769231
Rural,Census Place,2432025,"Germantown, MD",1.369322500,0.000000000,0.000000000,1.000000000,0.846153846,1.000000000,0.846153846,0.923076923,0.769230769
Rural,Census Place,2432175,"Gilmore, MD",0.210665000,0.000000000,0.000000000,1.000000000,0.500000000,1.000000000,1.000000000,1.000000000,0.000000000
Rural,Census Place,2432250,"Girdletree, MD",1.685320000,0.000000000,0.000000000,1.000000000,0.937500000,0.875000000,0.312500000,0.500000000,0.125000000
Rural,Census Place,2433850,"Golden Beach, MD",12.745232500,0.000000000,0.000000000,1.000000000,0.909090909,1.000000000,0.446280992,0.834710744,0.314049587
Rural,Census Place,2433950,"Goldsboro, MD",2.106650000,0.000000000,0.000000000,1.000000000,1.000000000,1.000000000,1.000000000,1.000000000,1.000000000
Rural,Census Place,2434150,"Gorman, MD",3.686637500,0.000000000,0.000000000,0.942857143,0.342857143,0.857142857,0.400000000,0.257142857,0.000000000
Rural,Census Place,2434350,"Graceham, MD",0.210665000,0.000000000,0.000000000,1.000000000,1.000000000,1.000000000,1.000000000,1.000000000,1.000000000
Rural,Census Place,2434525,"Grantsville, MD",2.633312500,0.000000000,0.000000000,1.000000000,1.000000000,1.000000000,0.840000000,1.000000000,0.680000000
Rural,Census Place,2434550,"Grasonville, MD",11.375910000,0.000000000,0.000000000,1.000000000,0.842592593,1.000000000,0.990740741,1.000000000,0.981481481
Rural,Census Place,2434775,"Greenbelt, MD",0.105332500,0.000000000,0.000000000,1.000000000,1.000000000,1.000000000,1.000000000,1.000000000,1.000000000
Rural,Census Place,2435200,"Greensboro, MD",2.738645000,0.000000000,0.000000000,1.000000000,1.000000000,1.000000000,1.000000000,1.000000000,1.000000000
Rural,Census Place,2435225,"Greensburg, MD",1.053325000,0.000000000,0.000000000,1.000000000,1.000000000,1.000000000,1.000000000,1.000000000,1.000000000
Rural,Census Place,2435412,"Green Valley, MD",19.802510000,0.000000000,0.000000000,1.000000000,0.744680851,0.984042553,0.861702128,0.930851064,0.686170213
Rural,Census Place,2436075,"Hagerstown, MD",0.842660000,0.000000000,0.000000000,1.000000000,1.000000000,1.000000000,1.000000000,1.000000000,1.000000000
Rural,Census Place,2436500,"Hampstead, MD",4.845295000,0.000000000,0.000000000,1.000000000,1.000000000,1.000000000,1.000000000,1.000000000,0.956521739
Rural,Census Place,2436512,"Hampton, MD",5.266625000,0.000000000,0.000000000,1.000000000,0.820000000,1.000000000,0.900000000,0.920000000,0.780000000
Rural,Census Place,2436600,"Hancock, MD",7.267942500,0.000000000,0.000000000,1.000000000,1.000000000,1.000000000,0.927536232,1.000000000,0.753623188
Rural,Census Place,2437600,"Havre de Grace, MD",2.211982500,0.000000000,0.000000000,0.523809524,0.523809524,1.000000000,1.000000000,1.000000000,1.000000000
Rural,Census Place,2437875,"Hebron, MD",3.265307500,0.000000000,0.000000000,1.000000000,0.935483871,1.000000000,0.645161290,0.935483871,0.129032258
Rural,Census Place,2437925,"Henderson, MD",0.315997500,0.000000000,0.000000000,1.000000000,1.000000000,1.000000000,0.000000000,0.333333333,0.000000000
Rural,Census Place,2438025,"Herald Harbor, MD",2.106650000,0.000000000,0.000000000,1.000000000,1.000000000,1.000000000,1.000000000,1.000000000,0.950000000
Rural,Census Place,2438437,"Highfield-Cascade, MD",1.474655000,0.000000000,0.000000000,1.000000000,1.000000000,1.000000000,1.000000000,1.000000000,0.785714286
Rural,Census Place,2438475,"Highland, MD",2.422647500,0.000000000,0.000000000,1.000000000,0.869565217,1.000000000,1.000000000,1.000000000,1.000000000
Rural,Census Place,2439175,"Hillsboro, MD",0.315997500,0.000000000,0.000000000,1.000000000,1.000000000,1.000000000,1.000000000,1.000000000,1.000000000
Rural,Census Place,2440200,"Honeygo, MD",0.631995000,0.000000000,0.000000000,1.000000000,1.000000000,1.000000000,1.000000000,1.000000000,0.833333333
Rural,Census Place,2440700,"Hughesville, MD",30.335760000,0.000000000,0.000000000,1.000000000,0.954861111,1.000000000,0.878472222,0.937500000,0.746527778
Rural,Census Place,2441025,"Huntingtown, MD",21.803827500,0.000000000,0.000000000,1.000000000,0.995169082,1.000000000,0.859903382,0.961352657,0.753623188
Rural,Census Place,2441125,"Hurlock, MD",7.162610000,0.000000000,0.000000000,1.000000000,0.985294118,1.000000000,0.926470588,0.970588235,0.852941176
Rural,Census Place,2441175,"Hutton, MD",0.421330000,0.000000000,0.000000000,1.000000000,1.000000000,1.000000000,0.250000000,1.000000000,0.250000000
Rural,Census Place,2441475,"Ilchester, MD",8.531932500,0.000000000,0.000000000,0.987654321,0.703703704,0.888888889,0.654320988,0.679012346,0.493827160
Rural,Census Place,2441700,"Indian Springs, MD",0.421330000,0.000000000,0.000000000,1.000000000,1.000000000,1.000000000,1.000000000,1.000000000,0.000000000
Rural,Census Place,2442325,"Jarrettsville, MD",22.646487500,0.000000000,0.000000000,1.000000000,0.934883721,0.995348837,0.920930233,0.939534884,0.827906977
Rural,Census Place,2442350,"Jefferson, MD",7.267942500,0.000000000,0.000000000,1.000000000,1.000000000,1.000000000,1.000000000,1.000000000,0.956521739
Rural,Census Place,2442450,"Jennings, MD",0.737327500,0.000000000,0.000000000,1.000000000,0.285714286,0.285714286,0.000000000,0.000000000,0.000000000
Rural,Census Place,2442575,"Jesterville, MD",4.002635000,0.000000000,0.000000000,0.657894737,0.000000000,0.184210526,0.000000000,0.157894737,0.000000000
Rural,Census Place,2442875,"Joppatowne, MD",1.369322500,0.000000000,0.000000000,1.000000000,1.000000000,1.000000000,1.000000000,1.000000000,1.000000000
Rural,Census Place,2442950,"Jugtown, MD",0.842660000,0.000000000,0.000000000,1.000000000,0.750000000,1.000000000,1.000000000,1.000000000,1.000000000
Rural,Census Place,2443100,"Keedysville, MD",2.633312500,0.000000000,0.000000000,1.000000000,1.000000000,1.000000000,1.000000000,1.000000000,1.000000000
Rural,Census Place,2443280,"Kemps Mill, MD",0.315997500,0.000000000,0.000000000,1.000000000,1.000000000,1.000000000,1.000000000,1.000000000,0.666666667
Rural,Census Place,2443475,"Kennedyville, MD",1.263990000,0.000000000,0.000000000,1.000000000,0.583333333,0.833333333,0.166666667,0.333333333,0.166666667
Rural,Census Place,2443725,"Kent Narrows, MD",6.109285000,0.000000000,0.000000000,1.000000000,1.000000000,1.000000000,1.000000000,1.000000000,0.896551724
Rural,Census Place,2444325,"Kingstown, MD",3.159975000,0.000000000,0.000000000,1.000000000,0.966666667,1.000000000,0.933333333,1.000000000,0.700000000
Rural,Census Place,2444350,"Kingsville, MD",21.593162500,0.000000000,0.000000000,0.995121951,0.770731707,1.000000000,0.995121951,0.990243902,0.912195122
Rural,Census Place,2444450,"Kitzmiller, MD",0.631995000,0.000000000,0.000000000,0.166666667,0.000000000,0.000000000,0.000000000,0.000000000,0.000000000
Rural,Census Place,2444525,"Klondike, MD",0.947992500,0.000000000,0.000000000,1.000000000,1.000000000,1.000000000,1.000000000,1.000000000,1.000000000
Rural,Census Place,2444975,"Lake Shore, MD",9.690590000,0.000000000,0.000000000,1.000000000,0.967391304,1.000000000,1.000000000,1.000000000,0.989130435
Rural,Census Place,2445750,"La Plata, MD",6.530615000,0.000000000,0.000000000,1.000000000,1.000000000,1.000000000,0.983870968,1.000000000,0.983870968
Rural,Census Place,2446075,"La Vale, MD",14.535885000,0.000000000,0.000000000,0.985507246,0.739130435,0.992753623,0.905797101,0.898550725,0.782608696
Rural,Census Place,2446400,"Leitersburg, MD",4.634630000,0.000000000,0.000000000,1.000000000,0.772727273,1.000000000,0.863636364,0.772727273,0.431818182
Rural,Census Place,2446475,"Leonardtown, MD",1.685320000,0.000000000,0.000000000,1.000000000,1.000000000,1.000000000,1.000000000,1.000000000,0.937500000
Rural,Census Place,2446650,"Lewistown, MD",1.474655000,0.000000000,0.000000000,1.000000000,1.000000000,1.000000000,1.000000000,1.000000000,1.000000000
Rural,Census Place,2446800,"Libertytown, MD",6.635947500,0.000000000,0.000000000,1.000000000,0.952380952,1.000000000,0.952380952,0.968253968,0.761904762
Rural,Census Place,2447040,"Linganore, MD",5.371957500,0.000000000,0.000000000,1.000000000,0.568627451,1.000000000,0.843137255,0.901960784,0.529411765
Rural,Census Place,2447250,"Lisbon, MD",4.002635000,0.000000000,0.000000000,1.000000000,1.000000000,1.000000000,1.000000000,1.000000000,0.947368421
Rural,Census Place,2447275,"Little Orleans, MD",3.265307500,0.000000000,0.000000000,1.000000000,0.258064516,0.935483871,0.064516129,0.419354839,0.064516129
Rural,Census Place,2447525,"Loch Lynn Heights, MD",0.105332500,0.000000000,0.000000000,1.000000000,1.000000000,1.000000000,1.000000000,1.000000000,1.000000000
Rural,Census Place,2447875,"Lonaconing, MD",0.947992500,0.000000000,0.000000000,1.000000000,1.000000000,1.000000000,1.000000000,1.000000000,0.888888889
Rural,Census Place,2448025,"Long Beach, MD",4.529297500,0.000000000,0.000000000,1.000000000,0.534883721,0.953488372,0.465116279,0.813953488,0.232558140
Rural,Census Place,2448775,"Luke, MD",0.737327500,0.000000000,0.000000000,1.000000000,0.714285714,1.000000000,0.428571429,0.857142857,0.142857143
Rural,Census Place,2449325,"McCoole, MD",2.843977500,0.000000000,0.000000000,1.000000000,0.925925926,1.000000000,0.703703704,0.962962963,0.444444444
Rural,Census Place,2449700,"Madison, MD",8.953262500,0.000000000,0.000000000,1.000000000,0.929411765,1.000000000,0.752941176,0.988235294,0.717647059
Rural,Census Place,2449950,"Manchester, MD",0.315997500,0.000000000,0.000000000,1.000000000,1.000000000,1.000000000,1.000000000,1.000000000,1.000000000
Rural,Census Place,2450375,"Mapleville, MD",1.158657500,0.000000000,0.000000000,1.000000000,1.000000000,1.000000000,1.000000000,1.000000000,1.000000000
Rural,Census Place,2450525,"Mardela Springs, MD",1.158657500,0.000000000,0.000000000,1.000000000,1.000000000,1.000000000,0.818181818,1.000000000,0.636363636
Rural,Census Place,2450680,"Marlboro Meadows, MD",7.583940000,0.000000000,0.000000000,1.000000000,0.819444444,1.000000000,0.875000000,0.916666667,0.597222222
Rural,Census Place,2450685,"Marlboro Village, MD",1.053325000,0.000000000,0.000000000,1.000000000,1.000000000,1.000000000,1.000000000,1.000000000,1.000000000
Rural,Census Place,2450775,"Marlton, MD",2.211982500,0.000000000,0.000000000,1.000000000,1.000000000,1.000000000,1.000000000,1.000000000,0.809523810
Rural,Census Place,2451025,"Marydel, MD",0.315997500,0.000000000,0.000000000,1.000000000,1.000000000,1.000000000,1.000000000,1.000000000,1.000000000
Rural,Census Place,2451075,"Maryland City, MD",4.634630000,0.000000000,0.000000000,1.000000000,1.000000000,1.000000000,1.000000000,1.000000000,0.931818182
Rural,Census Place,2451425,"Maugansville, MD",0.526662500,0.000000000,0.000000000,1.000000000,1.000000000,1.000000000,1.000000000,1.000000000,1.000000000
Rural,Census Place,2451575,"Mayo, MD",8.005270000,0.000000000,0.000000000,1.000000000,0.973684211,1.000000000,0.986842105,1.000000000,0.960526316
Rural,Census Place,2451800,"Mechanicsville, MD",14.325220000,0.000000000,0.000000000,1.000000000,0.963235294,0.992647059,0.669117647,0.860294118,0.551470588
Rural,Census Place,2451945,"Mercersville, MD",0.842660000,0.000000000,0.000000000,0.750000000,0.000000000,0.500000000,0.125000000,0.000000000,0.000000000
Rural,Census Place,2452425,"Middletown, MD",0.842660000,0.000000000,0.000000000,1.000000000,1.000000000,1.000000000,1.000000000,1.000000000,1.000000000
Rural,Census Place,2452475,"Midland, MD",0.315997500,0.000000000,0.000000000,1.000000000,0.666666667,1.000000000,0.666666667,0.333333333,0.000000000
Rural,Census Place,2452525,"Midlothian, MD",1.369322500,0.000000000,0.000000000,1.000000000,1.000000000,1.000000000,1.000000000,1.000000000,0.923076923
Rural,Census Place,2452562,"Milford Mill, MD",3.265307500,0.000000000,0.000000000,1.000000000,1.000000000,1.000000000,1.000000000,1.000000000,0.967741935
Rural,Census Place,2452825,"Millington, MD",1.895985000,0.000000000,0.000000000,1.000000000,0.666666667,0.888888889,0.388888889,0.888888889,0.388888889
Rural,Census Place,2453100,"Monrovia, MD",6.109285000,0.000000000,0.000000000,1.000000000,1.000000000,1.000000000,1.000000000,1.000000000,1.000000000
Rural,Census Place,2453700,"Moscow, MD",0.631995000,0.000000000,0.000000000,1.000000000,1.000000000,1.000000000,1.000000000,1.000000000,1.000000000
Rural,Census Place,2453750,"Mount Aetna, MD",3.686637500,0.000000000,0.000000000,1.000000000,0.571428571,1.000000000,1.000000000,0.942857143,0.828571429
Rural,Census Place,2453800,"Mountain Lake Park, MD",1.053325000,0.000000000,0.000000000,1.000000000,1.000000000,1.000000000,0.900000000,1.000000000,0.600000000
Rural,Census Place,2453925,"Mount Briar, MD",1.579987500,0.000000000,0.000000000,1.000000000,0.866666667,1.000000000,0.933333333,0.933333333,0.800000000
Rural,Census Place,2454125,"Mount Lena, MD",3.475972500,0.000000000,0.000000000,1.000000000,1.000000000,1.000000000,1.000000000,1.000000000,1.000000000
Rural,Census Place,2454325,"Mount Savage, MD",2.317315000,0.000000000,0.000000000,0.954545455,0.136363636,0.545454545,0.090909091,0.318181818,0.000000000
Rural,Census Place,2454375,"Mount Vernon, MD",42.027667500,0.000000000,0.000000000,1.000000000,0.446115288,0.822055138,0.441102757,0.390977444,0.145363409
Rural,Census Place,2454875,"Myersville, MD",2.949310000,0.000000000,0.000000000,1.000000000,1.000000000,1.000000000,0.964285714,1.000000000,0.821428571
Rural,Census Place,2454925,"Nanticoke, MD",7.267942500,0.000000000,0.000000000,0.550724638,0.130434783,0.217391304,0.000000000,0.173913043,0.000000000
Rural,Census Place,2454930,"Nanticoke Acres, MD",0.737327500,0.000000000,0.000000000,0.428571429,0.000000000,0.142857143,0.000000000,0.142857143,0.000000000
Rural,Census Place,2455000,"National, MD",0.631995000,0.000000000,0.000000000,1.000000000,1.000000000,1.000000000,1.000000000,1.000000000,0.500000000
Rural,Census Place,2455050,"Naval Academy, MD",0.737327500,0.000000000,0.000000000,1.000000000,1.000000000,1.000000000,1.000000000,1.000000000,1.000000000
Rural,Census Place,2455325,"Newark, MD",25.490465000,0.000000000,0.000000000,1.000000000,0.615702479,0.669421488,0.190082645,0.433884298,0.128099174
Rural,Census Place,2455650,"New Market, MD",2.949310000,0.000000000,0.000000000,1.000000000,1.000000000,1.000000000,1.000000000,1.000000000,1.000000000
Rural,Census Place,2455925,"New Windsor, MD",0.631995000,0.000000000,0.000000000,1.000000000,1.000000000,1.000000000,1.000000000,1.000000000,1.000000000
Rural,Census Place,2455950,"Nikep, MD",0.315997500,0.000000000,0.000000000,1.000000000,1.000000000,1.000000000,1.000000000,1.000000000,1.000000000
Rural,Census Place,2456450,"North East, MD",0.210665000,0.000000000,0.000000000,1.000000000,1.000000000,1.000000000,1.000000000,1.000000000,0.500000000
Rural,Census Place,2457650,"Oakland, MD",2.001317500,0.000000000,0.000000000,1.000000000,0.947368421,1.000000000,0.947368421,1.000000000,0.842105263
Rural,Census Place,2458215,"Ocean, MD",0.105332500,0.000000000,0.000000000,1.000000000,0.000000000,1.000000000,1.000000000,1.000000000,1.000000000
Rural,Census Place,2458225,"Ocean City, MD",13.271895000,0.000000000,0.000000000,1.000000000,1.000000000,1.000000000,0.666666667,1.000000000,0.507936508
Rural,Census Place,2458275,"Ocean Pines, MD",5.582622500,0.000000000,0.000000000,1.000000000,0.981132075,0.905660377,0.188679245,0.811320755,0.094339623
Rural,Census Place,2458300,"Odenton, MD",10.849247500,0.000000000,0.000000000,1.000000000,0.990291262,1.000000000,0.990291262,0.970873786,0.932038835
Rural,Census Place,2458775,"Oldtown, MD",0.947992500,0.000000000,0.000000000,1.000000000,1.000000000,1.000000000,1.000000000,1.000000000,1.000000000
Rural,Census Place,2458900,"Olney, MD",4.423965000,0.000000000,0.000000000,1.000000000,1.000000000,1.000000000,0.928571429,1.000000000,0.904761905
Rural,Census Place,2459375,"Owings, MD",6.425282500,0.000000000,0.000000000,1.000000000,0.885245902,1.000000000,0.311475410,0.737704918,0.278688525
Rural,Census Place,2459425,"Owings Mills, MD",1.369322500,0.000000000,0.000000000,1.000000000,1.000000000,1.000000000,1.000000000,1.000000000,1.000000000
Rural,Census Place,2459450,"Oxford, MD",2.422647500,0.000000000,0.000000000,1.000000000,0.913043478,0.565217391,0.565217391,0.565217391,0.565217391
Rural,Census Place,2459787,"Paramount-Long Meadow, MD",1.158657500,0.000000000,0.000000000,1.000000000,1.000000000,1.000000000,1.000000000,1.000000000,1.000000000
Rural,Census Place,2460325,"Parole, MD",3.475972500,0.000000000,0.000000000,1.000000000,0.909090909,1.000000000,1.000000000,1.000000000,0.909090909
Rural,Census Place,2460425,"Parsonsburg, MD",3.686637500,0.000000000,0.000000000,1.000000000,0.714285714,1.000000000,0.657142857,0.828571429,0.257142857
Rural,Census Place,2460770,"Pecktonville, MD",1.790652500,0.000000000,0.000000000,1.000000000,0.823529412,1.000000000,0.705882353,1.000000000,0.529411765
Rural,Census Place,2460975,"Perry Hall, MD",0.737327500,0.000000000,0.000000000,1.000000000,1.000000000,1.000000000,1.000000000,1.000000000,1.000000000
Rural,Census Place,2461075,"Perryman, MD",10.427917500,0.000000000,0.000000000,1.000000000,1.000000000,1.000000000,0.989898990,1.000000000,0.919191919
Rural,Census Place,2461150,"Perryville, MD",0.526662500,0.000000000,0.000000000,1.000000000,1.000000000,1.000000000,1.000000000,1.000000000,1.000000000
Rural,Census Place,2461400,"Pikesville, MD",4.002635000,0.000000000,0.000000000,1.000000000,0.868421053,1.000000000,0.894736842,0.894736842,0.605263158
Rural,Census Place,2461700,"Pinesburg, MD",1.790652500,0.000000000,0.000000000,1.000000000,0.941176471,1.000000000,1.000000000,1.000000000,1.000000000
Rural,Census Place,2461875,"Piney Point, MD",4.950627500,0.000000000,0.000000000,1.000000000,0.957446809,1.000000000,1.000000000,1.000000000,1.000000000
Rural,Census Place,2462025,"Pittsville, MD",4.107967500,0.000000000,0.000000000,1.000000000,1.000000000,1.000000000,1.000000000,1.000000000,1.000000000
Rural,Census Place,2462100,"Pleasant Grove, MD",4.213300000,0.000000000,0.000000000,1.000000000,1.000000000,1.000000000,1.000000000,1.000000000,1.000000000
Rural,Census Place,2462175,"Pleasant Hills, MD",2.949310000,0.000000000,0.000000000,1.000000000,0.714285714,0.928571429,0.928571429,0.892857143,0.821428571
Rural,Census Place,2462475,"Pocomoke City, MD",11.481242500,0.000000000,0.000000000,1.000000000,0.853211009,1.000000000,0.981651376,1.000000000,0.944954128
Rural,Census Place,2462575,"Point of Rocks, MD",2.843977500,0.000000000,0.000000000,1.000000000,1.000000000,1.000000000,1.000000000,1.000000000,1.000000000
Rural,Census Place,2462675,"Pomfret, MD",7.267942500,0.000000000,0.000000000,1.000000000,0.666666667,0.869565217,0.405797101,0.405797101,0.144927536
Rural,Census Place,2462775,"Pondsville, MD",0.737327500,0.000000000,0.000000000,1.000000000,0.857142857,1.000000000,1.000000000,1.000000000,0.714285714
Rural,Census Place,2462850,"Poolesville, MD",3.370640000,0.000000000,0.000000000,1.000000000,0.968750000,1.000000000,0.687500000,0.968750000,0.468750000
Rural,Census Place,2463075,"Port Deposit, MD",6.109285000,0.000000000,0.000000000,1.000000000,0.706896552,0.982758621,0.965517241,0.948275862,0.758620690
Rural,Census Place,2463225,"Port Tobacco Village, MD",0.421330000,0.000000000,0.000000000,1.000000000,0.250000000,1.000000000,0.750000000,0.250000000,0.000000000
Rural,Census Place,2463300,"Potomac, MD",13.482560000,0.000000000,0.000000000,1.000000000,0.632812500,0.750000000,0.335937500,0.468750000,0.179687500
Rural,Census Place,2463375,"Potomac Heights, MD",2.001317500,0.000000000,0.000000000,1.000000000,1.000000000,1.000000000,1.000000000,1.000000000,1.000000000
Rural,Census Place,2463725,"Powellville, MD",4.318632500,0.000000000,0.000000000,1.000000000,1.000000000,1.000000000,1.000000000,1.000000000,0.951219512
Rural,Census Place,2463825,"Preston, MD",1.369322500,0.000000000,0.000000000,1.000000000,1.000000000,1.000000000,1.000000000,1.000000000,1.000000000
Rural,Census Place,2463950,"Prince Frederick, MD",10.006587500,0.000000000,0.000000000,1.000000000,1.000000000,1.000000000,0.968421053,1.000000000,0.863157895
Rural,Census Place,2464000,"Princess Anne, MD",0.631995000,0.000000000,0.000000000,1.000000000,0.833333333,1.000000000,1.000000000,1.000000000,1.000000000
Rural,Census Place,2464375,"Pylesville, MD",12.639900000,0.000000000,0.000000000,1.000000000,0.991666667,1.000000000,0.875000000,0.950000000,0.708333333
Rural,Census Place,2464475,"Quantico, MD",5.898620000,0.000000000,0.000000000,1.000000000,0.910714286,1.000000000,0.696428571,1.000000000,0.696428571
Rural,Census Place,2464495,"Queen Anne, MD",22.541155000,0.000000000,0.000000000,1.000000000,0.985981308,1.000000000,0.957943925,0.976635514,0.850467290
Rural,Census Place,2464500,"Queen Anne, MD",0.315997500,0.000000000,0.000000000,1.000000000,1.000000000,1.000000000,1.000000000,1.000000000,1.000000000
Rural,Census Place,2464568,"Queensland, MD",6.635947500,0.000000000,0.000000000,1.000000000,0.968253968,1.000000000,1.000000000,1.000000000,0.936507937
Rural,Census Place,2464600,"Queenstown, MD",5.582622500,0.000000000,0.000000000,1.000000000,1.000000000,1.000000000,1.000000000,1.000000000,0.943396226
Rural,Census Place,2464950,"Randallstown, MD",2.633312500,0.000000000,0.000000000,1.000000000,1.000000000,1.000000000,1.000000000,1.000000000,0.960000000
Rural,Census Place,2465150,"Rawlings, MD",2.317315000,0.000000000,0.000000000,1.000000000,0.954545455,1.000000000,0.954545455,1.000000000,0.590909091
Rural,Census Place,2465550,"Reid, MD",0.315997500,0.000000000,0.000000000,1.000000000,0.333333333,1.000000000,1.000000000,1.000000000,1.000000000
Rural,Census Place,2466000,"Ridgely, MD",4.845295000,0.000000000,0.000000000,1.000000000,1.000000000,1.000000000,0.978260870,1.000000000,0.891304348
Rural,Census Place,2466150,"Ringgold, MD",0.842660000,0.000000000,0.000000000,1.000000000,1.000000000,1.000000000,1.000000000,1.000000000,1.000000000
Rural,Census Place,2466275,"Rising Sun, MD",1.790652500,0.000000000,0.000000000,1.000000000,1.000000000,1.000000000,1.000000000,1.000000000,0.941176471
Rural,Census Place,2466400,"Riva, MD",3.581305000,0.000000000,0.000000000,1.000000000,0.794117647,1.000000000,1.000000000,0.970588235,0.911764706
Rural,Census Place,2467000,"Robinwood, MD",2.317315000,0.000000000,0.000000000,1.000000000,1.000000000,1.000000000,1.000000000,1.000000000,1.000000000
Rural,Census Place,2467400,"Rock Hall, MD",4.318632500,0.000000000,0.000000000,1.000000000,0.975609756,0.975609756,0.560975610,0.756097561,0.390243902
Rural,Census Place,2467500,"Rock Point, MD",1.790652500,0.000000000,0.000000000,1.000000000,1.000000000,1.000000000,1.000000000,1.000000000,0.823529412
Rural,Census Place,2467950,"Rohrersville, MD",0.631995000,0.000000000,0.000000000,1.000000000,1.000000000,1.000000000,1.000000000,1.000000000,1.000000000
Rural,Census Place,2468265,"Romancoke, MD",1.579987500,0.000000000,0.000000000,1.000000000,1.000000000,0.600000000,0.333333333,0.333333333,0.333333333
Rural,Census Place,2468300,"Rosaryville, MD",6.425282500,0.000000000,0.000000000,1.000000000,1.000000000,1.000000000,0.950819672,0.918032787,0.786885246
Rural,Census Place,2469200,"Sabillasville, MD",4.107967500,0.000000000,0.000000000,1.000000000,0.923076923,1.000000000,0.948717949,1.000000000,0.871794872
Rural,Census Place,2469425,"St. George Island, MD",2.211982500,0.000000000,0.000000000,1.000000000,0.809523810,1.000000000,0.809523810,1.000000000,0.476190476
Rural,Census Place,2469550,"St. James, MD",8.426600000,0.000000000,0.000000000,1.000000000,0.975000000,1.000000000,1.000000000,1.000000000,1.000000000
Rural,Census Place,2469675,"St. Leonard, MD",6.003952500,0.000000000,0.000000000,1.000000000,0.877192982,1.000000000,0.684210526,0.736842105,0.421052632
Rural,Census Place,2469825,"St. Michaels, MD",3.686637500,0.000000000,0.000000000,1.000000000,0.971428571,1.000000000,0.857142857,0.942857143,0.857142857
Rural,Census Place,2469925,"Salisbury, MD",2.633312500,0.000000000,0.000000000,1.000000000,1.000000000,1.000000000,1.000000000,1.000000000,1.000000000
Rural,Census Place,2470175,"Sandy Hook, MD",0.315997500,0.000000000,0.000000000,1.000000000,1.000000000,1.000000000,1.000000000,1.000000000,1.000000000
Rural,Census Place,2470300,"San Mar, MD",1.053325000,0.000000000,0.000000000,1.000000000,1.000000000,1.000000000,1.000000000,1.000000000,1.000000000
Rural,Census Place,2470900,"Secretary, MD",0.737327500,0.000000000,0.000000000,1.000000000,0.714285714,0.714285714,0.142857143,0.571428571,0.142857143
Rural,Census Place,2471200,"Severna Park, MD",4.845295000,0.000000000,0.000000000,1.000000000,0.956521739,0.978260870,0.913043478,0.956521739,0.826086957
Rural,Census Place,2471450,"Shady Side, MD",21.277165000,0.000000000,0.000000000,1.000000000,0.658415842,0.995049505,0.811881188,0.891089109,0.608910891
Rural,Census Place,2471460,"Shaft, MD",2.106650000,0.000000000,0.000000000,1.000000000,1.000000000,1.000000000,1.000000000,1.000000000,0.900000000
Rural,Census Place,2471600,"Sharpsburg, MD",0.421330000,0.000000000,0.000000000,1.000000000,1.000000000,1.000000000,1.000000000,1.000000000,1.000000000
Rural,Census Place,2471650,"Sharptown, MD",1.053325000,0.000000000,0.000000000,1.000000000,1.000000000,1.000000000,1.000000000,1.000000000,1.000000000
Rural,Census Place,2472887,"Smith Island, MD",25.174467500,0.000000000,0.000000000,1.000000000,1.000000000,0.740585774,0.284518828,0.723849372,0.142259414
Rural,Census Place,2472900,"Smithsburg, MD",0.315997500,0.000000000,0.000000000,1.000000000,1.000000000,1.000000000,1.000000000,1.000000000,1.000000000
Rural,Census Place,2473075,"Snow Hill, MD",4.634630000,0.000000000,0.000000000,1.000000000,1.000000000,1.000000000,1.000000000,1.000000000,0.977272727
Rural,Census Place,2473650,"South Laurel, MD",3.686637500,0.000000000,0.000000000,1.000000000,0.800000000,1.000000000,0.771428571,0.885714286,0.685714286
Rural,Census Place,2474050,"Spencerville, MD",0.421330000,0.000000000,0.000000000,1.000000000,1.000000000,1.000000000,1.000000000,1.000000000,1.000000000
Rural,Census Place,2474350,"Spring Gap, MD",1.579987500,0.000000000,0.000000000,0.733333333,0.000000000,0.133333333,0.000000000,0.000000000,0.000000000
Rural,Census Place,2475025,"Stevensville, MD",0.105332500,0.000000000,0.000000000,1.000000000,1.000000000,1.000000000,1.000000000,1.000000000,1.000000000
Rural,Census Place,2475150,"Still Pond, MD",0.315997500,0.000000000,0.000000000,1.000000000,1.000000000,1.000000000,1.000000000,1.000000000,1.000000000
Rural,Census Place,2475200,"Stockton, MD",4.634630000,0.000000000,0.000000000,1.000000000,0.545454545,0.727272727,0.136363636,0.568181818,0.136363636
Rural,Census Place,2475650,"Sudlersville, MD",3.897302500,0.000000000,0.000000000,1.000000000,1.000000000,1.000000000,1.000000000,1.000000000,0.972972973
Rural,Census Place,2476450,"Swanton, MD",1.263990000,0.000000000,0.000000000,0.916666667,0.583333333,0.916666667,0.583333333,0.833333333,0.083333333
Rural,Census Place,2476550,"Sykesville, MD",1.053325000,0.000000000,0.000000000,1.000000000,1.000000000,1.000000000,1.000000000,1.000000000,0.900000000
Rural,Census Place,2476675,"Tall Timbers, MD",4.002635000,0.000000000,0.000000000,1.000000000,0.631578947,1.000000000,1.000000000,0.973684211,0.973684211
Rural,Census Place,2476725,"Taneytown, MD",2.633312500,0.000000000,0.000000000,1.000000000,1.000000000,1.000000000,1.000000000,1.000000000,1.000000000
Rural,Census Place,2476925,"Taylors Island, MD",11.165245000,0.000000000,0.000000000,0.877358491,0.273584906,0.698113208,0.160377358,0.566037736,0.000000000
Rural,Census Place,2477200,"Templeville, MD",0.105332500,0.000000000,0.000000000,1.000000000,1.000000000,1.000000000,1.000000000,1.000000000,1.000000000
Rural,Census Place,2477262,"Ten Mile Creek, MD",15.378545000,0.000000000,0.000000000,1.000000000,0.883561644,0.986301370,0.835616438,0.856164384,0.664383562
Rural,Census Place,2477825,"Thurmont, MD",0.947992500,0.000000000,0.000000000,1.000000000,1.000000000,1.000000000,1.000000000,1.000000000,1.000000000
Rural,Census Place,2477912,"Tilghman Island, MD",6.635947500,0.000000000,0.000000000,1.000000000,0.888888889,0.984126984,0.761904762,0.841269841,0.333333333
Rural,Census Place,2477925,"Tilghmanton, MD",1.369322500,0.000000000,0.000000000,1.000000000,0.923076923,1.000000000,1.000000000,1.000000000,0.923076923
Rural,Census Place,2478050,"Timonium, MD",5.687955000,0.000000000,0.000000000,1.000000000,0.962962963,1.000000000,0.944444444,0.981481481,0.796296296
Rural,Census Place,2478120,"Tolchester, MD",1.685320000,0.000000000,0.000000000,0.937500000,0.500000000,0.437500000,0.187500000,0.312500000,0.000000000
Rural,Census Place,2478575,"Trappe, MD",6.846612500,0.000000000,0.000000000,1.000000000,0.953846154,1.000000000,0.830769231,1.000000000,0.661538462
Rural,Census Place,2478650,"Travilah, MD",21.277165000,0.000000000,0.000000000,1.000000000,0.881188119,0.891089109,0.519801980,0.643564356,0.391089109
Rural,Census Place,2478705,"Trego-Rohrersville Station, MD",1.053325000,0.000000000,0.000000000,1.000000000,0.700000000,1.000000000,1.000000000,1.000000000,0.900000000
Rural,Census Place,2479225,"Tyaskin, MD",3.686637500,0.000000000,0.000000000,0.657142857,0.085714286,0.428571429,0.085714286,0.257142857,0.085714286
Rural,Census Place,2479350,"Union Bridge, MD",2.633312500,0.000000000,0.000000000,1.000000000,1.000000000,1.000000000,1.000000000,1.000000000,0.960000000
Rural,Census Place,2479875,"Upper Marlboro, MD",0.105332500,0.000000000,0.000000000,1.000000000,1.000000000,1.000000000,1.000000000,1.000000000,1.000000000
Rural,Census Place,2479900,"Urbana, MD",12.113237500,0.000000000,0.000000000,1.000000000,0.965217391,1.000000000,0.982608696,0.991304348,0.947826087
Rural,Census Place,2480075,"Vale Summit, MD",2.738645000,0.000000000,0.000000000,1.000000000,0.923076923,1.000000000,1.000000000,1.000000000,1.000000000
Rural,Census Place,2480600,"Vienna, MD",2.001317500,0.000000000,0.000000000,1.000000000,1.000000000,1.000000000,1.000000000,1.000000000,1.000000000
Rural,Census Place,2481175,"Waldorf, MD",18.011857500,0.000000000,0.000000000,1.000000000,0.912280702,1.000000000,0.900584795,0.976608187,0.760233918
Rural,Census Place,2481275,"Walkersville, MD",6.319950000,0.000000000,0.000000000,1.000000000,1.000000000,1.000000000,1.000000000,1.000000000,0.966666667
Rural,Census Place,2481925,"Waterview, MD",1.158657500,0.000000000,0.000000000,0.727272727,0.000000000,0.363636364,0.000000000,0.181818182,0.000000000
Rural,Census Place,2482625,"West Denton, MD",0.737327500,0.000000000,0.000000000,1.000000000,1.000000000,1.000000000,1.000000000,1.000000000,1.000000000
Rural,Census Place,2482750,"Westernport, MD",2.211982500,0.000000000,0.000000000,1.000000000,1.000000000,1.000000000,1.000000000,1.000000000,0.904761905
Rural,Census Place,2483100,"Westminster, MD",0.631995000,0.000000000,0.000000000,1.000000000,1.000000000,1.000000000,1.000000000,1.000000000,1.000000000
Rural,Census Place,2483225,"West Ocean City, MD",6.425282500,0.000000000,0.000000000,1.000000000,1.000000000,0.967213115,0.819672131,0.967213115,0.229508197
Rural,Census Place,2483290,"Westphalia, MD",12.218570000,0.000000000,0.000000000,1.000000000,0.965517241,1.000000000,0.965517241,1.000000000,0.775862069
Rural,Census Place,2483337,"West Pocomoke, MD",26.227792500,0.000000000,0.000000000,0.991967871,0.578313253,0.883534137,0.734939759,0.767068273,0.570281124
Rural,Census Place,2483746,"Whaleyville, MD",2.633312500,0.000000000,0.000000000,1.000000000,1.000000000,1.000000000,1.000000000,1.000000000,1.000000000
Rural,Census Place,2484225,"Whitehaven, MD",1.053325000,0.000000000,0.000000000,1.000000000,0.200000000,0.400000000,0.100000000,0.100000000,0.100000000
Rural,Census Place,2484950,"Willards, MD",3.054642500,0.000000000,0.000000000,1.000000000,1.000000000,1.000000000,0.965517241,0.965517241,0.551724138
Rural,Census Place,2485100,"Williamsport, MD",0.315997500,0.000000000,0.000000000,1.000000000,1.000000000,1.000000000,1.000000000,1.000000000,1.000000000
Rural,Census Place,2485175,"Williston, MD",0.737327500,0.000000000,0.000000000,1.000000000,0.428571429,1.000000000,0.142857143,0.857142857,0.142857143
Rural,Census Place,2485395,"Wilson-Conococheague, MD",10.638582500,0.000000000,0.000000000,1.000000000,0.950495050,1.000000000,0.960396040,1.000000000,0.920792079
Rural,Census Place,2486275,"Woodland, MD",0.421330000,0.000000000,0.000000000,1.000000000,1.000000000,1.000000000,1.000000000,1.000000000,0.750000000
Rural,Census Place,2486475,"Woodlawn, MD",0.105332500,0.000000000,0.000000000,1.000000000,0.000000000,1.000000000,0.000000000,0.000000000,0.000000000
Rural,Census Place,2486750,"Woodsboro, MD",1.895985000,0.000000000,0.000000000,1.000000000,1.000000000,1.000000000,1.000000000,1.000000000,0.888888889
Rural,Census Place,2487000,"Worton, MD",2.317315000,0.000000000,0.000000000,1.000000000,0.863636364,1.000000000,0.000000000,0.818181818,0.000000000
Rural,Census Place,2487150,"Yarrowsburg, MD",0.526662500,0.000000000,0.000000000,1.000000000,0.200000000,0.800000000,0.000000000,0.400000000,0.000000000
Rural,Census Place,2487275,"Zihlman, MD",3.897302500,0.000000000,0.000000000,1.000000000,0.891891892,1.000000000,1.000000000,1.000000000,0.945945946
Nontribal,Census Place,2400125,"Aberdeen, MD",17.485195000,0.000000000,0.000000000,1.000000000,0.993975904,1.000000000,1.000000000,1.000000000,0.981927711
Nontribal,Census Place,2400175,"Aberdeen Proving Ground, MD",31.178420000,0.000000000,0.000000000,1.000000000,0.929054054,0.996621622,0.851351351,0.763513514,0.570945946
Nontribal,Census Place,2400200,"Abingdon, MD",7.267942500,0.000000000,0.000000000,1.000000000,1.000000000,1.000000000,1.000000000,1.000000000,1.000000000
Nontribal,Census Place,2400225,"Accident, MD",1.263990000,0.000000000,0.000000000,1.000000000,1.000000000,1.000000000,1.000000000,0.750000000,0.750000000
Nontribal,Census Place,2400250,"Accokeek, MD",76.998057500,0.000000000,0.000000000,1.000000000,0.859097127,0.991792066,0.827633379,0.926128591,0.604651163
Nontribal,Census Place,2400350,"Adamstown, MD",2.843977500,0.000000000,0.000000000,1.000000000,1.000000000,1.000000000,1.000000000,1.000000000,0.962962963
Nontribal,Census Place,2400400,"Adelphi, MD",7.057277500,0.000000000,0.000000000,1.000000000,1.000000000,1.000000000,1.000000000,1.000000000,1.000000000
Nontribal,Census Place,2400712,"Algonquin, MD",7.583940000,0.000000000,0.000000000,1.000000000,0.861111111,0.527777778,0.041666667,0.291666667,0.013888889
Nontribal,Census Place,2400800,"Allen, MD",1.263990000,0.000000000,0.000000000,1.000000000,1.000000000,1.000000000,1.000000000,1.000000000,1.000000000
Nontribal,Census Place,2401450,"Andrews AFB, MD",18.538520000,0.000000000,0.000000000,1.000000000,0.994318182,1.000000000,1.000000000,0.994318182,0.988636364
Nontribal,Census Place,2401600,"Annapolis, MD",21.171832500,0.000000000,0.000000000,1.000000000,0.995024876,1.000000000,1.000000000,1.000000000,0.970149254
Nontribal,Census Place,2401635,"Annapolis Neck, MD",30.862422500,0.000000000,0.000000000,1.000000000,0.863481229,1.000000000,0.965870307,0.979522184,0.846416382
Nontribal,Census Place,2401750,"Antietam, MD",0.421330000,0.000000000,0.000000000,1.000000000,0.500000000,1.000000000,1.000000000,0.750000000,0.250000000
Nontribal,Census Place,2401925,"Aquasco, MD",59.407530000,0.000000000,0.000000000,0.996453901,0.625886525,0.927304965,0.425531915,0.682624113,0.276595745
Nontribal,Census Place,2401975,"Arbutus, MD",17.485195000,0.000000000,0.000000000,1.000000000,1.000000000,1.000000000,1.000000000,1.000000000,0.975903614
Nontribal,Census Place,2402025,"Arden on the Severn, MD",4.318632500,0.000000000,0.000000000,1.000000000,1.000000000,1.000000000,0.731707317,0.829268293,0.439024390
Nontribal,Census Place,2402275,"Arnold, MD",35.918382500,0.000000000,0.000000000,1.000000000,0.967741935,1.000000000,0.997067449,0.997067449,0.953079179
Nontribal,Census Place,2402762,"Ashton-Sandy Spring, MD",27.702447500,0.000000000,0.000000000,1.000000000,0.980988593,0.996197719,0.859315589,0.912547529,0.718631179
Nontribal,Census Place,2402825,"Aspen Hill, MD",25.174467500,0.000000000,0.000000000,1.000000000,0.920502092,1.000000000,0.916317992,0.941422594,0.740585774
Nontribal,Census Place,2403500,"Baden, MD",75.839400000,0.000000000,0.000000000,1.000000000,0.687500000,0.937500000,0.393055556,0.741666667,0.225000000
Nontribal,Census Place,2403514,"Bagtown, MD",1.474655000,0.000000000,0.000000000,1.000000000,1.000000000,1.000000000,1.000000000,1.000000000,1.000000000
Nontribal,Census Place,2403575,"Bakersville, MD",0.210665000,0.000000000,0.000000000,1.000000000,0.500000000,1.000000000,1.000000000,1.000000000,0.500000000
Nontribal,Census Place,2403800,"Ballenger Creek, MD",28.650440000,0.000000000,0.000000000,1.000000000,0.992647059,1.000000000,1.000000000,1.000000000,0.981617647
Nontribal,Census Place,2404000,"Baltimore, MD",243.212742500,0.000000000,0.000000000,1.000000000,0.999133824,1.000000000,0.999133824,0.999133824,0.988739714
Nontribal,Census Place,2404050,"Baltimore Highlands, MD",4.739962500,0.000000000,0.000000000,1.000000000,1.000000000,1.000000000,1.000000000,1.000000000,1.000000000
Nontribal,Census Place,2404250,"Barclay, MD",0.526662500,0.000000000,0.000000000,1.000000000,0.400000000,0.600000000,0.000000000,0.400000000,0.000000000
Nontribal,Census Place,2404475,"Barnesville, MD",1.263990000,0.000000000,0.000000000,1.000000000,1.000000000,1.000000000,1.000000000,1.000000000,0.666666667
Nontribal,Census Place,2404525,"Barrelville, MD",0.105332500,0.000000000,0.000000000,0.000000000,0.000000000,0.000000000,0.000000000,0.000000000,0.000000000
Nontribal,Census Place,2404625,"Barton, MD",0.631995000,0.000000000,0.000000000,1.000000000,1.000000000,1.000000000,0.833333333,1.000000000,0.833333333
Nontribal,Census Place,2404650,"Bartonsville, MD",5.687955000,0.000000000,0.000000000,1.000000000,0.981481481,1.000000000,0.944444444,1.000000000,0.870370370
Nontribal,Census Place,2405250,"Beaver Creek, MD",3.159975000,0.000000000,0.000000000,1.000000000,1.000000000,1.000000000,1.000000000,1.000000000,1.000000000
Nontribal,Census Place,2405525,"Bel Air, MD",2.001317500,0.000000000,0.000000000,1.000000000,1.000000000,1.000000000,1.000000000,1.000000000,1.000000000
Nontribal,Census Place,2405550,"Bel Air, MD",8.426600000,0.000000000,0.000000000,1.000000000,1.000000000,1.000000000,1.000000000,1.000000000,1.000000000
Nontribal,Census Place,2405825,"Bel Air North, MD",42.027667500,0.000000000,0.000000000,1.000000000,0.934837093,1.000000000,1.000000000,1.000000000,0.989974937
Nontribal,Census Place,2405950,"Bel Air South, MD",55.615560000,0.000000000,0.000000000,1.000000000,0.950757576,1.000000000,0.996212121,0.992424242,0.962121212
Nontribal,Census Place,2406400,"Beltsville, MD",19.591845000,0.000000000,0.000000000,1.000000000,1.000000000,1.000000000,1.000000000,1.000000000,0.978494624
Nontribal,Census Place,2406550,"Benedict, MD",0.631995000,0.000000000,0.000000000,1.000000000,0.833333333,1.000000000,0.833333333,0.500000000,0.000000000
Nontribal,Census Place,2406662,"Bensville, MD",45.608972500,0.000000000,0.000000000,1.000000000,0.822170901,0.969976905,0.667436490,0.833718245,0.496535797
Nontribal,Census Place,2406800,"Berlin, MD",9.163927500,0.000000000,0.000000000,1.000000000,0.988505747,1.000000000,0.965517241,1.000000000,0.908045977
Nontribal,Census Place,2406925,"Berwyn Heights, MD",2.001317500,0.000000000,0.000000000,1.000000000,1.000000000,1.000000000,1.000000000,1.000000000,0.947368421
Nontribal,Census Place,2407125,"Bethesda, MD",35.181055000,0.000000000,0.000000000,1.000000000,1.000000000,1.000000000,0.994011976,0.997005988,0.913173653
Nontribal,Census Place,2407200,"Betterton, MD",2.738645000,0.000000000,0.000000000,1.000000000,0.923076923,0.923076923,0.423076923,0.615384615,0.346153846
Nontribal,Census Place,2407285,"Bier, MD",3.791970000,0.000000000,0.000000000,1.000000000,1.000000000,1.000000000,1.000000000,1.000000000,0.916666667
Nontribal,Census Place,2407375,"Big Pool, MD",0.210665000,0.000000000,0.000000000,1.000000000,1.000000000,1.000000000,1.000000000,1.000000000,1.000000000
Nontribal,Census Place,2407400,"Big Spring, MD",0.421330000,0.000000000,0.000000000,1.000000000,0.750000000,1.000000000,1.000000000,1.000000000,1.000000000
Nontribal,Census Place,2407625,"Bishopville, MD",8.110602500,0.000000000,0.000000000,1.000000000,0.909090909,1.000000000,0.415584416,0.896103896,0.298701299
Nontribal,Census Place,2407675,"Bivalve, MD",4.529297500,0.000000000,0.000000000,0.674418605,0.069767442,0.302325581,0.023255814,0.302325581,0.023255814
Nontribal,Census Place,2407850,"Bladensburg, MD",2.527980000,0.000000000,0.000000000,1.000000000,1.000000000,1.000000000,1.000000000,1.000000000,1.000000000
Nontribal,Census Place,2408050,"Bloomington, MD",1.790652500,0.000000000,0.000000000,1.000000000,1.000000000,1.000000000,0.882352941,1.000000000,0.823529412
Nontribal,Census Place,2408625,"Boonsboro, MD",8.321267500,0.000000000,0.000000000,1.000000000,1.000000000,1.000000000,1.000000000,1.000000000,1.000000000
Nontribal,Census Place,2408775,"Bowie, MD",54.878232500,0.000000000,0.000000000,1.000000000,0.990403071,1.000000000,0.982725528,0.996161228,0.875239923
Nontribal,Census Place,2408800,"Bowleys Quarters, MD",16.010540000,0.000000000,0.000000000,1.000000000,0.927631579,0.980263158,0.875000000,0.907894737,0.671052632
Nontribal,Census Place,2408850,"Bowling Green, MD",2.422647500,0.000000000,0.000000000,1.000000000,1.000000000,1.000000000,1.000000000,1.000000000,1.000000000
Nontribal,Census Place,2408862,"Bowmans Addition, MD",3.159975000,0.000000000,0.000000000,1.000000000,0.633333333,1.000000000,1.000000000,1.000000000,0.966666667
Nontribal,Census Place,2409100,"Braddock Heights, MD",14.009222500,0.000000000,0.000000000,1.000000000,0.879699248,0.992481203,0.902255639,0.954887218,0.812030075
Nontribal,Census Place,2409325,"Brandywine, MD",56.879550000,0.000000000,0.000000000,1.000000000,0.898148148,1.000000000,0.929629630,0.981481481,0.777777778
Nontribal,Census Place,2409400,"Breathedsville, MD",1.158657500,0.000000000,0.000000000,1.000000000,1.000000000,1.000000000,1.000000000,1.000000000,1.000000000
Nontribal,Census Place,2409500,"Brentwood, MD",0.842660000,0.000000000,0.000000000,1.000000000,1.000000000,1.000000000,1.000000000,1.000000000,1.000000000
Nontribal,Census Place,2410150,"Brock Hall, MD",26.649122500,0.000000000,0.000000000,1.000000000,0.881422925,1.000000000,0.948616601,0.952569170,0.731225296
Nontribal,Census Place,2410225,"Brookeville, MD",0.421330000,0.000000000,0.000000000,1.000000000,1.000000000,1.000000000,1.000000000,1.000000000,0.750000000
Nontribal,Census Place,2410475,"Brooklyn Park, MD",11.270577500,0.000000000,0.000000000,1.000000000,1.000000000,1.000000000,1.000000000,1.000000000,1.000000000
Nontribal,Census Place,2410500,"Brookmont, MD",5.477290000,0.000000000,0.000000000,1.000000000,1.000000000,1.000000000,0.980769231,1.000000000,0.846153846
Nontribal,Census Place,2410575,"Brookview, MD",0.105332500,0.000000000,0.000000000,1.000000000,1.000000000,1.000000000,0.000000000,1.000000000,0.000000000
Nontribal,Census Place,2410650,"Broomes Island, MD",1.790652500,0.000000000,0.000000000,1.000000000,0.411764706,0.764705882,0.352941176,0.529411765,0.058823529
Nontribal,Census Place,2410737,"Brown Station, MD",16.537202500,0.000000000,0.000000000,1.000000000,1.000000000,1.000000000,0.993630573,0.993630573,0.885350318
Nontribal,Census Place,2410800,"Brownsville, MD",0.737327500,0.000000000,0.000000000,1.000000000,0.857142857,1.000000000,1.000000000,1.000000000,0.428571429
Nontribal,Census Place,2410900,"Brunswick, MD",9.795922500,0.000000000,0.000000000,1.000000000,1.000000000,1.000000000,0.935483871,1.000000000,0.870967742
Nontribal,Census Place,2410925,"Bryans Road, MD",41.395672500,0.000000000,0.000000000,0.997455471,0.786259542,0.992366412,0.707379135,0.882951654,0.587786260
Nontribal,Census Place,2410950,"Bryantown, MD",11.270577500,0.000000000,0.000000000,1.000000000,0.757009346,1.000000000,0.738317757,0.869158879,0.523364486
Nontribal,Census Place,2411050,"Buckeystown, MD",2.317315000,0.000000000,0.000000000,1.000000000,1.000000000,1.000000000,0.954545455,1.000000000,0.681818182
Nontribal,Census Place,2411400,"Burkittsville, MD",1.263990000,0.000000000,0.000000000,1.000000000,0.916666667,1.000000000,1.000000000,1.000000000,1.000000000
Nontribal,Census Place,2411550,"Burnt Mills, MD",1.895985000,0.000000000,0.000000000,1.000000000,1.000000000,1.000000000,1.000000000,1.000000000,0.944444444
Nontribal,Census Place,2411750,"Burtonsville, MD",22.119825000,0.000000000,0.000000000,1.000000000,0.952380952,1.000000000,0.952380952,0.971428571,0.819047619
Nontribal,Census Place,2411900,"Butlertown, MD",2.001317500,0.000000000,0.000000000,1.000000000,0.736842105,0.842105263,0.157894737,0.473684211,0.105263158
Nontribal,Census Place,2412075,"Cabin John, MD",4.423965000,0.000000000,0.000000000,1.000000000,1.000000000,1.000000000,1.000000000,1.000000000,0.952380952
Nontribal,Census Place,2412150,"California, MD",40.026350000,0.000000000,0.000000000,1.000000000,0.934210526,1.000000000,0.997368421,1.000000000,0.976315789
Nontribal,Census Place,2412175,"Callaway, MD",12.639900000,0.000000000,0.000000000,1.000000000,0.883333333,1.000000000,1.000000000,1.000000000,0.991666667
Nontribal,Census Place,2412300,"Calvert Beach, MD",2.211982500,0.000000000,0.000000000,1.000000000,0.380952381,1.000000000,0.476190476,0.809523810,0.238095238
Nontribal,Census Place,2412350,"Calverton, MD",12.218570000,0.000000000,0.000000000,1.000000000,1.000000000,1.000000000,1.000000000,1.000000000,0.974137931
Nontribal,Census Place,2412400,"Cambridge, MD",35.181055000,0.000000000,0.000000000,1.000000000,0.910179641,0.976047904,0.625748503,0.886227545,0.449101796
Nontribal,Census Place,2412600,"Camp Springs, MD",20.434505000,0.000000000,0.000000000,1.000000000,1.000000000,1.000000000,0.989690722,0.994845361,0.927835052
Nontribal,Census Place,2412912,"Cape St. Claire, MD",6.530615000,0.000000000,0.000000000,1.000000000,0.983870968,1.000000000,1.000000000,1.000000000,0.983870968
Nontribal,Census Place,2413000,"Capitol Heights, MD",2.317315000,0.000000000,0.000000000,1.000000000,1.000000000,1.000000000,0.954545455,1.000000000,0.772727273
Nontribal,Census Place,2413225,"Carlos, MD",0.631995000,0.000000000,0.000000000,1.000000000,0.833333333,1.000000000,1.000000000,1.000000000,1.000000000
Nontribal,Census Place,2413325,"Carney, MD",18.327855000,0.000000000,0.000000000,1.000000000,0.994252874,0.994252874,0.931034483,0.977011494,0.839080460
Nontribal,Census Place,2414125,"Catonsville, MD",37.182372500,0.000000000,0.000000000,1.000000000,0.920679887,0.957507082,0.912181303,0.892351275,0.824362606
Nontribal,Census Place,2414225,"Cavetown, MD",5.055960000,0.000000000,0.000000000,1.000000000,0.979166667,1.000000000,1.000000000,1.000000000,1.000000000
Nontribal,Census Place,2414300,"Cearfoss, MD",0.421330000,0.000000000,0.000000000,1.000000000,1.000000000,1.000000000,1.000000000,1.000000000,1.000000000
Nontribal,Census Place,2414325,"Cecilton, MD",1.474655000,0.000000000,0.000000000,1.000000000,1.000000000,1.000000000,1.000000000,1.000000000,0.857142857
Nontribal,Census Place,2414550,"Cedar Heights, MD",0.631995000,0.000000000,0.000000000,1.000000000,1.000000000,1.000000000,1.000000000,1.000000000,1.000000000
Nontribal,Census Place,2414800,"Cedarville, MD",35.813050000,0.000000000,0.000000000,1.000000000,0.858823529,0.982352941,0.620588235,0.838235294,0.414705882
Nontribal,Census Place,2414950,"Centreville, MD",7.057277500,0.000000000,0.000000000,1.000000000,0.985074627,1.000000000,0.865671642,0.985074627,0.850746269
Nontribal,Census Place,2415075,"Chance, MD",7.057277500,0.000000000,0.000000000,1.000000000,0.910447761,0.701492537,0.537313433,0.671641791,0.507462687
Nontribal,Census Place,2415400,"Charlestown, MD",3.054642500,0.000000000,0.000000000,1.000000000,1.000000000,1.000000000,1.000000000,1.000000000,1.000000000
Nontribal,Census Place,2415475,"Charlotte Hall, MD",13.798557500,0.000000000,0.000000000,1.000000000,0.870229008,0.984732824,0.549618321,0.908396947,0.427480916
Nontribal,Census Place,2415500,"Charlton, MD",0.315997500,0.000000000,0.000000000,1.000000000,1.000000000,1.000000000,1.000000000,1.000000000,1.000000000
Nontribal,Census Place,2415925,"Chesapeake Beach, MD",7.899937500,0.000000000,0.000000000,1.000000000,0.986666667,1.000000000,0.720000000,0.973333333,0.506666667
Nontribal,Census Place,2415950,"Chesapeake City, MD",1.895985000,0.000000000,0.000000000,1.000000000,1.000000000,1.000000000,1.000000000,1.000000000,1.000000000
Nontribal,Census Place,2416025,"Chesapeake Landing, MD",3.159975000,0.000000000,0.000000000,0.800000000,0.000000000,0.033333333,0.000000000,0.000000000,0.000000000
Nontribal,Census Place,2416050,"Chesapeake Ranch Estates, MD",12.639900000,0.000000000,0.000000000,1.000000000,0.550000000,0.925000000,0.650000000,0.825000000,0.441666667
Nontribal,Census Place,2416125,"Chester, MD",18.327855000,0.000000000,0.000000000,1.000000000,0.982758621,0.982758621,0.821839080,0.908045977,0.551724138
Nontribal,Census Place,2416225,"Chestertown, MD",8.637265000,0.000000000,0.000000000,1.000000000,1.000000000,0.951219512,0.939024390,0.951219512,0.792682927
Nontribal,Census Place,2416550,"Cheverly, MD",3.791970000,0.000000000,0.000000000,1.000000000,1.000000000,1.000000000,1.000000000,1.000000000,1.000000000
Nontribal,Census Place,2416620,"Chevy Chase, MD",1.053325000,0.000000000,0.000000000,1.000000000,1.000000000,1.000000000,1.000000000,1.000000000,1.000000000
Nontribal,Census Place,2416625,"Chevy Chase, MD",6.741280000,0.000000000,0.000000000,1.000000000,1.000000000,1.000000000,0.984375000,1.000000000,0.953125000
Nontribal,Census Place,2416720,"Chevy Chase Section Five, MD",0.315997500,0.000000000,0.000000000,1.000000000,1.000000000,1.000000000,1.000000000,1.000000000,1.000000000
Nontribal,Census Place,2416730,"Chevy Chase Section Three, MD",0.210665000,0.000000000,0.000000000,1.000000000,1.000000000,1.000000000,1.000000000,1.000000000,1.000000000
Nontribal,Census Place,2416775,"Chevy Chase View, MD",0.421330000,0.000000000,0.000000000,1.000000000,1.000000000,1.000000000,1.000000000,1.000000000,0.750000000
Nontribal,Census Place,2416787,"Chevy Chase Village, MD",1.158657500,0.000000000,0.000000000,1.000000000,1.000000000,1.000000000,1.000000000,1.000000000,1.000000000
Nontribal,Census Place,2416800,"Chewsville, MD",2.317315000,0.000000000,0.000000000,1.000000000,0.954545455,1.000000000,1.000000000,1.000000000,1.000000000
Nontribal,Census Place,2416875,"Chillum, MD",8.953262500,0.000000000,0.000000000,1.000000000,1.000000000,1.000000000,1.000000000,1.000000000,1.000000000
Nontribal,Census Place,2417000,"Choptank, MD",0.631995000,0.000000000,0.000000000,1.000000000,0.500000000,1.000000000,0.000000000,0.666666667,0.000000000
Nontribal,Census Place,2417050,"Church Creek, MD",0.947992500,0.000000000,0.000000000,1.000000000,1.000000000,1.000000000,0.777777778,1.000000000,0.777777778
Nontribal,Census Place,2417100,"Church Hill, MD",1.685320000,0.000000000,0.000000000,1.000000000,1.000000000,1.000000000,0.687500000,1.000000000,0.687500000
Nontribal,Census Place,2417350,"Clarksburg, MD",26.227792500,0.000000000,0.000000000,1.000000000,0.955823293,0.995983936,0.951807229,0.987951807,0.855421687
Nontribal,Census Place,2417475,"Clarysville, MD",0.315997500,0.000000000,0.000000000,1.000000000,1.000000000,1.000000000,1.000000000,1.000000000,1.000000000
Nontribal,Census Place,2417600,"Clear Spring, MD",0.315997500,0.000000000,0.000000000,1.000000000,1.000000000,1.000000000,1.000000000,1.000000000,0.666666667
Nontribal,Census Place,2417900,"Clinton, MD",66.570140000,0.000000000,0.000000000,1.000000000,0.939873418,0.996835443,0.833860759,0.941455696,0.656645570
Nontribal,Census Place,2418150,"Cloverly, MD",26.543790000,0.000000000,0.000000000,1.000000000,0.960317460,1.000000000,0.857142857,0.936507937,0.714285714
Nontribal,Census Place,2418200,"Cobb Island, MD",2.527980000,0.000000000,0.000000000,1.000000000,1.000000000,1.000000000,0.958333333,1.000000000,0.958333333
Nontribal,Census Place,2418250,"Cockeysville, MD",32.653075000,0.000000000,0.000000000,1.000000000,0.887096774,0.990322581,0.932258065,0.948387097,0.809677419
Nontribal,Census Place,2418475,"Colesville, MD",13.693225000,0.000000000,0.000000000,1.000000000,0.969230769,1.000000000,0.892307692,0.938461538,0.746153846
Nontribal,Census Place,2418750,"College Park, MD",15.167880000,0.000000000,0.000000000,1.000000000,1.000000000,1.000000000,1.000000000,1.000000000,0.965277778
Nontribal,Census Place,2418850,"Colmar Manor, MD",1.053325000,0.000000000,0.000000000,1.000000000,1.000000000,1.000000000,1.000000000,1.000000000,1.000000000
Nontribal,Census Place,2419125,"Columbia, MD",85.635322500,0.000000000,0.000000000,1.000000000,0.958179582,0.988929889,0.940959410,0.960639606,0.888068881
Nontribal,Census Place,2419825,"Coral Hills, MD",4.213300000,0.000000000,0.000000000,1.000000000,1.000000000,1.000000000,1.000000000,1.000000000,0.925000000
Nontribal,Census Place,2419900,"Cordova, MD",12.850565000,0.000000000,0.000000000,1.000000000,0.852459016,0.893442623,0.262295082,0.704918033,0.114754098
Nontribal,Census Place,2419975,"Corriganville, MD",0.842660000,0.000000000,0.000000000,1.000000000,0.875000000,1.000000000,0.625000000,1.000000000,0.500000000
Nontribal,Census Place,2420050,"Cottage City, MD",0.737327500,0.000000000,0.000000000,1.000000000,1.000000000,1.000000000,1.000000000,1.000000000,1.000000000
Nontribal,Census Place,2420500,"Crellin, MD",1.895985000,0.000000000,0.000000000,1.000000000,1.000000000,1.000000000,1.000000000,1.000000000,0.944444444
Nontribal,Census Place,2420525,"Cresaptown, MD",7.373275000,0.000000000,0.000000000,1.000000000,0.985714286,1.000000000,1.000000000,1.000000000,1.000000000
Nontribal,Census Place,2420775,"Crisfield, MD",8.321267500,0.000000000,0.000000000,1.000000000,0.974683544,0.645569620,0.632911392,0.645569620,0.544303797
Nontribal,Census Place,2420875,"Crofton, MD",17.590527500,0.000000000,0.000000000,1.000000000,0.988023952,1.000000000,0.922155689,0.964071856,0.838323353
Nontribal,Census Place,2420925,"Croom, MD",95.009915000,0.000000000,0.000000000,1.000000000,0.764966741,0.891352550,0.613082040,0.743902439,0.437915743
Nontribal,Census Place,2421075,"Crownsville, MD",13.482560000,0.000000000,0.000000000,1.000000000,0.726562500,0.960937500,0.726562500,0.773437500,0.625000000
Nontribal,Census Place,2421150,"Crumpton, MD",2.738645000,0.000000000,0.000000000,1.000000000,0.538461538,0.884615385,0.038461538,0.730769231,0.038461538
Nontribal,Census Place,2421325,"Cumberland, MD",26.438457500,0.000000000,0.000000000,1.000000000,0.992031873,1.000000000,1.000000000,1.000000000,0.940239044
Nontribal,Census Place,2421475,"Damascus, MD",38.025032500,0.000000000,0.000000000,1.000000000,0.914127424,1.000000000,0.914127424,0.972299169,0.761772853
Nontribal,Census Place,2421550,"Dames Quarter, MD",49.190277500,0.000000000,0.000000000,1.000000000,0.653104925,0.730192719,0.323340471,0.556745182,0.252676660
Nontribal,Census Place,2421675,"Danville, MD",2.843977500,0.000000000,0.000000000,1.000000000,0.481481481,0.925925926,0.555555556,0.814814815,0.037037037
Nontribal,Census Place,2421750,"Dargan, MD",0.947992500,0.000000000,0.000000000,1.000000000,0.111111111,0.666666667,0.333333333,0.333333333,0.222222222
Nontribal,Census Place,2421800,"Darlington, MD",2.527980000,0.000000000,0.000000000,1.000000000,0.791666667,1.000000000,1.000000000,1.000000000,0.541666667
Nontribal,Census Place,2421825,"Darnestown, MD",46.030302500,0.000000000,0.000000000,1.000000000,0.846681922,0.917620137,0.670480549,0.748283753,0.478260870
Nontribal,Census Place,2421925,"Dawson, MD",1.579987500,0.000000000,0.000000000,1.000000000,0.066666667,0.666666667,0.133333333,0.266666667,0.000000000
Nontribal,Census Place,2422050,"Deale, MD",15.799875000,0.000000000,0.000000000,1.000000000,0.960000000,0.973333333,0.740000000,0.913333333,0.673333333
Nontribal,Census Place,2422100,"Deal Island, MD",14.957215000,0.000000000,0.000000000,1.000000000,0.901408451,0.598591549,0.556338028,0.598591549,0.556338028
Nontribal,Census Place,2422275,"Deer Park, MD",2.633312500,0.000000000,0.000000000,1.000000000,0.720000000,1.000000000,0.640000000,0.920000000,0.360000000
Nontribal,Census Place,2422600,"Delmar, MD",4.423965000,0.000000000,0.000000000,1.000000000,1.000000000,1.000000000,1.000000000,1.000000000,0.976190476
Nontribal,Census Place,2422725,"Denton, MD",14.430552500,0.000000000,0.000000000,1.000000000,0.897810219,0.992700730,0.715328467,0.875912409,0.503649635
Nontribal,Census Place,2422775,"Derwood, MD",1.790652500,0.000000000,0.000000000,1.000000000,1.000000000,1.000000000,1.000000000,1.000000000,1.000000000
Nontribal,Census Place,2422825,"Detmold, MD",0.315997500,0.000000000,0.000000000,1.000000000,1.000000000,1.000000000,1.000000000,1.000000000,1.000000000
Nontribal,Census Place,2423025,"District Heights, MD",2.211982500,0.000000000,0.000000000,1.000000000,1.000000000,1.000000000,1.000000000,1.000000000,1.000000000
Nontribal,Census Place,2423500,"Downsville, MD",1.790652500,0.000000000,0.000000000,1.000000000,1.000000000,1.000000000,1.000000000,1.000000000,1.000000000
Nontribal,Census Place,2423700,"Drum Point, MD",4.634630000,0.000000000,0.000000000,1.000000000,0.659090909,0.954545455,0.886363636,0.909090909,0.590909091
Nontribal,Census Place,2423975,"Dundalk, MD",46.135635000,0.000000000,0.000000000,1.000000000,1.000000000,1.000000000,1.000000000,1.000000000,0.995433790
Nontribal,Census Place,2424050,"Dunkirk, MD",19.065182500,0.000000000,0.000000000,1.000000000,0.745856354,1.000000000,0.640883978,0.955801105,0.480662983
Nontribal,Census Place,2424200,"Eagle Harbor, MD",0.210665000,0.000000000,0.000000000,1.000000000,1.000000000,1.000000000,1.000000000,1.000000000,0.500000000
Nontribal,Census Place,2424250,"Eakles Mill, MD",0.105332500,0.000000000,0.000000000,1.000000000,1.000000000,1.000000000,1.000000000,1.000000000,1.000000000
Nontribal,Census Place,2424450,"East New Market, MD",1.158657500,0.000000000,0.000000000,1.000000000,0.909090909,1.000000000,0.454545455,0.727272727,0.454545455
Nontribal,Census Place,2424475,"Easton, MD",30.967755000,0.000000000,0.000000000,1.000000000,0.976190476,0.993197279,0.880952381,0.976190476,0.751700680
Nontribal,Census Place,2424650,"East Riverdale, MD",3.897302500,0.000000000,0.000000000,1.000000000,1.000000000,1.000000000,1.000000000,1.000000000,1.000000000
Nontribal,Census Place,2424825,"Eckhart Mines, MD",4.107967500,0.000000000,0.000000000,1.000000000,1.000000000,1.000000000,1.000000000,1.000000000,1.000000000
Nontribal,Census Place,2424850,"Eden, MD",15.589210000,0.000000000,0.000000000,1.000000000,0.972972973,1.000000000,1.000000000,1.000000000,0.993243243
Nontribal,Census Place,2424925,"Edesville, MD",0.737327500,0.000000000,0.000000000,1.000000000,1.000000000,1.000000000,0.714285714,1.000000000,0.714285714
Nontribal,Census Place,2424950,"Edgemere, MD",54.246237500,0.000000000,0.000000000,1.000000000,0.951456311,1.000000000,0.949514563,0.968932039,0.904854369
Nontribal,Census Place,2425000,"Edgemont, MD",1.369322500,0.000000000,0.000000000,1.000000000,1.000000000,1.000000000,1.000000000,1.000000000,0.923076923
Nontribal,Census Place,2425050,"Edgewater, MD",10.111920000,0.000000000,0.000000000,1.000000000,0.989583333,1.000000000,1.000000000,1.000000000,0.927083333
Nontribal,Census Place,2425150,"Edgewood, MD",45.608972500,0.000000000,0.000000000,1.000000000,0.986143187,1.000000000,0.988452656,0.949191686,0.831408776
Nontribal,Census Place,2425425,"Edmonston, MD",1.053325000,0.000000000,0.000000000,1.000000000,1.000000000,1.000000000,1.000000000,1.000000000,1.000000000
Nontribal,Census Place,2425575,"Eldersburg, MD",112.284445000,0.000000000,0.000000000,1.000000000,0.904315197,0.973733583,0.880863039,0.898686679,0.769230769
Nontribal,Census Place,2425600,"Eldorado, MD",0.210665000,0.000000000,0.000000000,1.000000000,1.000000000,1.000000000,1.000000000,1.000000000,1.000000000
Nontribal,Census Place,2425750,"Elkridge, MD",21.803827500,0.000000000,0.000000000,1.000000000,1.000000000,1.000000000,0.995169082,1.000000000,0.956521739
Nontribal,Census Place,2425800,"Elkton, MD",24.121142500,0.000000000,0.000000000,1.000000000,0.991266376,1.000000000,0.991266376,1.000000000,0.960698690
Nontribal,Census Place,2425925,"Ellerslie, MD",2.633312500,0.000000000,0.000000000,0.920000000,0.120000000,0.480000000,0.120000000,0.440000000,0.000000000
Nontribal,Census Place,2426000,"Ellicott City, MD",79.631370000,0.000000000,0.000000000,1.000000000,0.962962963,0.989417989,0.951058201,0.957671958,0.855820106
Nontribal,Census Place,2426025,"Elliott, MD",0.842660000,0.000000000,0.000000000,0.875000000,0.000000000,0.000000000,0.000000000,0.000000000,0.000000000
Nontribal,Census Place,2426200,"Emmitsburg, MD",4.002635000,0.000000000,0.000000000,1.000000000,1.000000000,1.000000000,0.973684211,1.000000000,0.973684211
Nontribal,Census Place,2426550,"Ernstville, MD",0.526662500,0.000000000,0.000000000,1.000000000,1.000000000,1.000000000,1.000000000,1.000000000,1.000000000
Nontribal,Census Place,2426600,"Essex, MD",32.337077500,0.000000000,0.000000000,1.000000000,0.993485342,1.000000000,0.983713355,0.993485342,0.885993485
Nontribal,Census Place,2427250,"Fairland, MD",12.850565000,0.000000000,0.000000000,1.000000000,0.967213115,0.983606557,0.844262295,0.934426230,0.803278689
Nontribal,Census Place,2427325,"Fairlee, MD",10.217252500,0.000000000,0.000000000,1.000000000,0.845360825,0.969072165,0.659793814,0.865979381,0.494845361
Nontribal,Census Place,2427375,"Fairmount, MD",46.346300000,0.000000000,0.000000000,1.000000000,0.729545455,0.763636364,0.379545455,0.563636364,0.293181818
Nontribal,Census Place,2427400,"Fairmount Heights, MD",0.631995000,0.000000000,0.000000000,1.000000000,1.000000000,1.000000000,1.000000000,1.000000000,1.000000000
Nontribal,Census Place,2427425,"Fairplay, MD",3.159975000,0.000000000,0.000000000,1.000000000,1.000000000,1.000000000,0.966666667,1.000000000,0.933333333
Nontribal,Census Place,2427500,"Fairview, MD",0.526662500,0.000000000,0.000000000,1.000000000,1.000000000,1.000000000,1.000000000,1.000000000,1.000000000
Nontribal,Census Place,2427580,"Fairwood, MD",9.058595000,0.000000000,0.000000000,1.000000000,1.000000000,1.000000000,1.000000000,1.000000000,0.941860465
Nontribal,Census Place,2427700,"Fallston, MD",37.393037500,0.000000000,0.000000000,0.988732394,0.746478873,1.000000000,0.957746479,0.952112676,0.856338028
Nontribal,Census Place,2427900,"Federalsburg, MD",5.477290000,0.000000000,0.000000000,1.000000000,1.000000000,1.000000000,1.000000000,1.000000000,0.942307692
Nontribal,Census Place,2428075,"Ferndale, MD",10.533250000,0.000000000,0.000000000,1.000000000,1.000000000,1.000000000,1.000000000,1.000000000,1.000000000
Nontribal,Census Place,2428275,"Finzel, MD",10.427917500,0.000000000,0.000000000,1.000000000,0.494949495,0.979797980,0.939393939,0.949494949,0.828282828
Nontribal,Census Place,2428300,"Fishing Creek, MD",4.002635000,0.000000000,0.000000000,1.000000000,0.157894737,0.684210526,0.078947368,0.263157895,0.000000000
Nontribal,Census Place,2428425,"Flintstone, MD",0.947992500,0.000000000,0.000000000,1.000000000,1.000000000,1.000000000,0.888888889,1.000000000,0.777777778
Nontribal,Census Place,2428512,"Flower Hill, MD",5.477290000,0.000000000,0.000000000,1.000000000,1.000000000,1.000000000,0.980769231,1.000000000,0.903846154
Nontribal,Census Place,2428640,"Forest Glen, MD",2.738645000,0.000000000,0.000000000,1.000000000,1.000000000,1.000000000,1.000000000,1.000000000,0.961538462
Nontribal,Census Place,2428725,"Forest Heights, MD",4.634630000,0.000000000,0.000000000,1.000000000,1.000000000,1.000000000,1.000000000,1.000000000,0.977272727
Nontribal,Census Place,2429000,"Forestville, MD",10.322585000,0.000000000,0.000000000,1.000000000,1.000000000,1.000000000,1.000000000,1.000000000,1.000000000
Nontribal,Census Place,2429400,"Fort Meade, MD",21.382497500,0.000000000,0.000000000,1.000000000,1.000000000,1.000000000,0.960591133,1.000000000,0.842364532
Nontribal,Census Place,2429450,"Fort Ritchie, MD",2.738645000,0.000000000,0.000000000,1.000000000,0.923076923,0.923076923,0.653846154,0.730769231,0.538461538
Nontribal,Census Place,2429525,"Fort Washington, MD",44.239650000,0.000000000,0.000000000,1.000000000,0.985714286,0.997619048,0.959523810,0.985714286,0.873809524
Nontribal,Census Place,2429712,"Fountainhead-Orchard Hills, MD",11.481242500,0.000000000,0.000000000,1.000000000,1.000000000,1.000000000,1.000000000,1.000000000,1.000000000
Nontribal,Census Place,2429790,"Four Corners, MD",4.107967500,0.000000000,0.000000000,1.000000000,0.974358974,1.000000000,1.000000000,1.000000000,0.948717949
Nontribal,Census Place,2430100,"Franklin, MD",0.526662500,0.000000000,0.000000000,1.000000000,0.400000000,0.600000000,0.200000000,0.400000000,0.200000000
Nontribal,Census Place,2430325,"Frederick, MD",62.567505000,0.000000000,0.000000000,1.000000000,1.000000000,1.000000000,1.000000000,0.998316498,0.986531987
Nontribal,Census Place,2430567,"Frenchtown-Rumbly, MD",22.646487500,0.000000000,0.000000000,1.000000000,0.432558140,0.595348837,0.079069767,0.209302326,0.004651163
Nontribal,Census Place,2430575,"Friendly, MD",12.955897500,0.000000000,0.000000000,1.000000000,0.910569106,0.991869919,0.886178862,0.918699187,0.756097561
Nontribal,Census Place,2430650,"Friendship, MD",4.634630000,0.000000000,0.000000000,1.000000000,0.704545455,0.863636364,0.363636364,0.750000000,0.181818182
Nontribal,Census Place,2430800,"Friendship Heights Village, MD",0.210665000,0.000000000,0.000000000,1.000000000,1.000000000,1.000000000,1.000000000,1.000000000,1.000000000
Nontribal,Census Place,2430850,"Friendsville, MD",2.422647500,0.000000000,0.000000000,1.000000000,0.956521739,1.000000000,0.869565217,1.000000000,0.869565217
Nontribal,Census Place,2430900,"Frostburg, MD",8.953262500,0.000000000,0.000000000,1.000000000,1.000000000,1.000000000,1.000000000,1.000000000,1.000000000
Nontribal,Census Place,2430950,"Fruitland, MD",10.006587500,0.000000000,0.000000000,1.000000000,0.957894737,1.000000000,1.000000000,1.000000000,1.000000000
Nontribal,Census Place,2431025,"Fulton, MD",10.217252500,0.000000000,0.000000000,1.000000000,0.989690722,1.000000000,0.989690722,1.000000000,0.886597938
Nontribal,Census Place,2431100,"Funkstown, MD",1.579987500,0.000000000,0.000000000,1.000000000,1.000000000,1.000000000,1.000000000,1.000000000,1.000000000
Nontribal,Census Place,2431175,"Gaithersburg, MD",28.334442500,0.000000000,0.000000000,1.000000000,1.000000000,1.000000000,0.996282528,0.996282528,0.925650558
Nontribal,Census Place,2431225,"Galena, MD",1.053325000,0.000000000,0.000000000,1.000000000,1.000000000,1.000000000,1.000000000,0.900000000,0.900000000
Nontribal,Census Place,2431250,"Galestown, MD",0.737327500,0.000000000,0.000000000,1.000000000,1.000000000,1.000000000,0.428571429,1.000000000,0.428571429
Nontribal,Census Place,2431275,"Galesville, MD",4.529297500,0.000000000,0.000000000,1.000000000,1.000000000,1.000000000,1.000000000,0.976744186,0.883720930
Nontribal,Census Place,2431350,"Gambrills, MD",20.013175000,0.000000000,0.000000000,1.000000000,1.000000000,1.000000000,0.947368421,0.973684211,0.805263158
Nontribal,Census Place,2431400,"Gapland, MD",0.526662500,0.000000000,0.000000000,1.000000000,1.000000000,1.000000000,1.000000000,1.000000000,1.000000000
Nontribal,Census Place,2431525,"Garrett Park, MD",0.737327500,0.000000000,0.000000000,1.000000000,1.000000000,1.000000000,1.000000000,1.000000000,0.857142857
Nontribal,Census Place,2431575,"Garretts Mill, MD",1.369322500,0.000000000,0.000000000,1.000000000,0.615384615,0.923076923,0.461538462,0.923076923,0.461538462
Nontribal,Census Place,2431625,"Garrison, MD",8.426600000,0.000000000,0.000000000,1.000000000,0.987500000,1.000000000,0.975000000,0.975000000,0.875000000
Nontribal,Census Place,2431875,"Georgetown, MD",4.107967500,0.000000000,0.000000000,1.000000000,0.820512821,0.897435897,0.282051282,0.666666667,0.230769231
Nontribal,Census Place,2432025,"Germantown, MD",45.398307500,0.000000000,0.000000000,1.000000000,0.967517401,1.000000000,0.990719258,0.997679814,0.918793503
Nontribal,Census Place,2432175,"Gilmore, MD",0.210665000,0.000000000,0.000000000,1.000000000,0.500000000,1.000000000,1.000000000,1.000000000,0.000000000
Nontribal,Census Place,2432250,"Girdletree, MD",1.685320000,0.000000000,0.000000000,1.000000000,0.937500000,0.875000000,0.312500000,0.500000000,0.125000000
Nontribal,Census Place,2432350,"Glassmanor, MD",6.109285000,0.000000000,0.000000000,1.000000000,1.000000000,1.000000000,1.000000000,1.000000000,1.000000000
Nontribal,Census Place,2432500,"Glenarden, MD",3.054642500,0.000000000,0.000000000,1.000000000,1.000000000,1.000000000,1.000000000,1.000000000,0.965517241
Nontribal,Census Place,2432650,"Glen Burnie, MD",47.715622500,0.000000000,0.000000000,1.000000000,0.997792494,1.000000000,1.000000000,1.000000000,0.951434879
Nontribal,Census Place,2432900,"Glen Echo, MD",0.315997500,0.000000000,0.000000000,1.000000000,1.000000000,1.000000000,1.000000000,1.000000000,1.000000000
Nontribal,Census Place,2433250,"Glenmont, MD",7.583940000,0.000000000,0.000000000,1.000000000,1.000000000,1.000000000,1.000000000,1.000000000,0.875000000
Nontribal,Census Place,2433400,"Glenn Dale, MD",19.275847500,0.000000000,0.000000000,1.000000000,0.983606557,1.000000000,0.939890710,0.983606557,0.737704918
Nontribal,Census Place,2433850,"Golden Beach, MD",12.745232500,0.000000000,0.000000000,1.000000000,0.909090909,1.000000000,0.446280992,0.834710744,0.314049587
Nontribal,Census Place,2433950,"Goldsboro, MD",2.106650000,0.000000000,0.000000000,1.000000000,1.000000000,1.000000000,1.000000000,1.000000000,1.000000000
Nontribal,Census Place,2434150,"Gorman, MD",3.686637500,0.000000000,0.000000000,0.942857143,0.342857143,0.857142857,0.400000000,0.257142857,0.000000000
Nontribal,Census Place,2434350,"Graceham, MD",1.158657500,0.000000000,0.000000000,1.000000000,1.000000000,1.000000000,1.000000000,1.000000000,1.000000000
Nontribal,Census Place,2434425,"Grahamtown, MD",0.315997500,0.000000000,0.000000000,1.000000000,1.000000000,1.000000000,1.000000000,1.000000000,1.000000000
Nontribal,Census Place,2434525,"Grantsville, MD",2.633312500,0.000000000,0.000000000,1.000000000,1.000000000,1.000000000,0.840000000,1.000000000,0.680000000
Nontribal,Census Place,2434550,"Grasonville, MD",16.747867500,0.000000000,0.000000000,1.000000000,0.886792453,1.000000000,0.993710692,1.000000000,0.981132075
Nontribal,Census Place,2434775,"Greenbelt, MD",16.747867500,0.000000000,0.000000000,1.000000000,1.000000000,1.000000000,0.968553459,0.993710692,0.886792453
Nontribal,Census Place,2435200,"Greensboro, MD",2.738645000,0.000000000,0.000000000,1.000000000,1.000000000,1.000000000,1.000000000,1.000000000,1.000000000
Nontribal,Census Place,2435225,"Greensburg, MD",1.053325000,0.000000000,0.000000000,1.000000000,1.000000000,1.000000000,1.000000000,1.000000000,1.000000000
Nontribal,Census Place,2435412,"Green Valley, MD",45.292975000,0.000000000,0.000000000,1.000000000,0.848837209,0.993023256,0.934883721,0.967441860,0.809302326
Nontribal,Census Place,2436075,"Hagerstown, MD",32.653075000,0.000000000,0.000000000,1.000000000,1.000000000,1.000000000,1.000000000,1.000000000,0.996774194
Nontribal,Census Place,2436125,"Halfway, MD",12.639900000,0.000000000,0.000000000,1.000000000,1.000000000,1.000000000,1.000000000,1.000000000,1.000000000
Nontribal,Census Place,2436500,"Hampstead, MD",9.269260000,0.000000000,0.000000000,1.000000000,1.000000000,1.000000000,0.977272727,1.000000000,0.954545455
Nontribal,Census Place,2436512,"Hampton, MD",16.747867500,0.000000000,0.000000000,1.000000000,0.943396226,1.000000000,0.949685535,0.968553459,0.867924528
Nontribal,Census Place,2436600,"Hancock, MD",7.267942500,0.000000000,0.000000000,1.000000000,1.000000000,1.000000000,0.927536232,1.000000000,0.753623188
Nontribal,Census Place,2437600,"Havre de Grace, MD",16.326537500,0.000000000,0.000000000,0.935483871,0.935483871,1.000000000,1.000000000,1.000000000,1.000000000
Nontribal,Census Place,2437875,"Hebron, MD",3.265307500,0.000000000,0.000000000,1.000000000,0.935483871,1.000000000,0.645161290,0.935483871,0.129032258
Nontribal,Census Place,2437925,"Henderson, MD",0.315997500,0.000000000,0.000000000,1.000000000,1.000000000,1.000000000,0.000000000,0.333333333,0.000000000
Nontribal,Census Place,2438025,"Herald Harbor, MD",6.951945000,0.000000000,0.000000000,1.000000000,0.863636364,0.954545455,0.833333333,0.863636364,0.560606061
Nontribal,Census Place,2438437,"Highfield-Cascade, MD",4.423965000,0.000000000,0.000000000,1.000000000,1.000000000,1.000000000,1.000000000,1.000000000,0.785714286
Nontribal,Census Place,2438475,"Highland, MD",6.214617500,0.000000000,0.000000000,1.000000000,0.898305085,1.000000000,0.949152542,0.932203390,0.864406780
Nontribal,Census Place,2438500,"Highland Beach, MD",0.105332500,0.000000000,0.000000000,1.000000000,1.000000000,1.000000000,1.000000000,1.000000000,1.000000000
Nontribal,Census Place,2438850,"Hillandale, MD",4.845295000,0.000000000,0.000000000,1.000000000,1.000000000,1.000000000,1.000000000,1.000000000,0.934782609
Nontribal,Census Place,2438975,"Hillcrest Heights, MD",6.846612500,0.000000000,0.000000000,1.000000000,1.000000000,1.000000000,0.984615385,1.000000000,0.953846154
Nontribal,Census Place,2439175,"Hillsboro, MD",0.315997500,0.000000000,0.000000000,1.000000000,1.000000000,1.000000000,1.000000000,1.000000000,1.000000000
Nontribal,Census Place,2440200,"Honeygo, MD",15.589210000,0.000000000,0.000000000,1.000000000,1.000000000,1.000000000,0.966216216,0.993243243,0.891891892
Nontribal,Census Place,2440700,"Hughesville, MD",30.335760000,0.000000000,0.000000000,1.000000000,0.954861111,1.000000000,0.878472222,0.937500000,0.746527778
Nontribal,Census Place,2441025,"Huntingtown, MD",21.803827500,0.000000000,0.000000000,1.000000000,0.995169082,1.000000000,0.859903382,0.961352657,0.753623188
Nontribal,Census Place,2441125,"Hurlock, MD",7.162610000,0.000000000,0.000000000,1.000000000,0.985294118,1.000000000,0.926470588,0.970588235,0.852941176
Nontribal,Census Place,2441175,"Hutton, MD",0.421330000,0.000000000,0.000000000,1.000000000,1.000000000,1.000000000,0.250000000,1.000000000,0.250000000
Nontribal,Census Place,2441250,"Hyattsville, MD",7.583940000,0.000000000,0.000000000,1.000000000,1.000000000,1.000000000,1.000000000,1.000000000,1.000000000
Nontribal,Census Place,2441475,"Ilchester, MD",28.545107500,0.000000000,0.000000000,0.996309963,0.907749077,0.963099631,0.878228782,0.892988930,0.771217712
Nontribal,Census Place,2441500,"Indian Head, MD",3.159975000,0.000000000,0.000000000,1.000000000,1.000000000,1.000000000,1.000000000,1.000000000,1.000000000
Nontribal,Census Place,2441700,"Indian Springs, MD",0.421330000,0.000000000,0.000000000,1.000000000,1.000000000,1.000000000,1.000000000,1.000000000,0.000000000
Nontribal,Census Place,2442325,"Jarrettsville, MD",22.646487500,0.000000000,0.000000000,1.000000000,0.934883721,0.995348837,0.920930233,0.939534884,0.827906977
Nontribal,Census Place,2442350,"Jefferson, MD",7.267942500,0.000000000,0.000000000,1.000000000,1.000000000,1.000000000,1.000000000,1.000000000,0.956521739
Nontribal,Census Place,2442450,"Jennings, MD",0.737327500,0.000000000,0.000000000,1.000000000,0.285714286,0.285714286,0.000000000,0.000000000,0.000000000
Nontribal,Census Place,2442550,"Jessup, MD",16.115872500,0.000000000,0.000000000,1.000000000,1.000000000,1.000000000,1.000000000,1.000000000,0.986928105
Nontribal,Census Place,2442575,"Jesterville, MD",4.002635000,0.000000000,0.000000000,0.657894737,0.000000000,0.184210526,0.000000000,0.157894737,0.000000000
Nontribal,Census Place,2442875,"Joppatowne, MD",19.170515000,0.000000000,0.000000000,1.000000000,0.917582418,1.000000000,1.000000000,1.000000000,0.961538462
Nontribal,Census Place,2442950,"Jugtown, MD",0.842660000,0.000000000,0.000000000,1.000000000,0.750000000,1.000000000,1.000000000,1.000000000,1.000000000
Nontribal,Census Place,2443100,"Keedysville, MD",2.633312500,0.000000000,0.000000000,1.000000000,1.000000000,1.000000000,1.000000000,1.000000000,1.000000000
Nontribal,Census Place,2443200,"Kemp Mill, MD",6.635947500,0.000000000,0.000000000,1.000000000,1.000000000,1.000000000,0.984126984,0.984126984,0.936507937
Nontribal,Census Place,2443280,"Kemps Mill, MD",0.737327500,0.000000000,0.000000000,1.000000000,1.000000000,1.000000000,1.000000000,1.000000000,0.857142857
Nontribal,Census Place,2443475,"Kennedyville, MD",1.263990000,0.000000000,0.000000000,1.000000000,0.583333333,0.833333333,0.166666667,0.333333333,0.166666667
Nontribal,Census Place,2443500,"Kensington, MD",1.158657500,0.000000000,0.000000000,1.000000000,1.000000000,1.000000000,1.000000000,1.000000000,1.000000000
Nontribal,Census Place,2443725,"Kent Narrows, MD",8.742597500,0.000000000,0.000000000,1.000000000,1.000000000,1.000000000,1.000000000,1.000000000,0.915662651
Nontribal,Census Place,2443900,"Kettering, MD",14.325220000,0.000000000,0.000000000,1.000000000,1.000000000,1.000000000,0.963235294,0.970588235,0.786764706
Nontribal,Census Place,2444325,"Kingstown, MD",6.635947500,0.000000000,0.000000000,1.000000000,0.952380952,1.000000000,0.777777778,0.968253968,0.603174603
Nontribal,Census Place,2444350,"Kingsville, MD",26.333125000,0.000000000,0.000000000,0.996000000,0.804000000,1.000000000,0.996000000,0.992000000,0.900000000
Nontribal,Census Place,2444450,"Kitzmiller, MD",0.631995000,0.000000000,0.000000000,0.166666667,0.000000000,0.000000000,0.000000000,0.000000000,0.000000000
Nontribal,Census Place,2444525,"Klondike, MD",0.947992500,0.000000000,0.000000000,1.000000000,1.000000000,1.000000000,1.000000000,1.000000000,1.000000000
Nontribal,Census Place,2444715,"Konterra, MD",16.431870000,0.000000000,0.000000000,1.000000000,1.000000000,1.000000000,1.000000000,1.000000000,0.993589744
Nontribal,Census Place,2444817,"Lake Arbor, MD",10.954580000,0.000000000,0.000000000,1.000000000,0.990384615,1.000000000,0.923076923,0.980769231,0.759615385
Nontribal,Census Place,2444975,"Lake Shore, MD",46.662297500,0.000000000,0.000000000,1.000000000,0.891647856,1.000000000,0.993227991,0.990970655,0.902934537
Nontribal,Census Place,2445325,"Landover, MD",10.743915000,0.000000000,0.000000000,1.000000000,1.000000000,1.000000000,1.000000000,1.000000000,0.990196078
Nontribal,Census Place,2445400,"Landover Hills, MD",0.947992500,0.000000000,0.000000000,1.000000000,1.000000000,1.000000000,1.000000000,1.000000000,1.000000000
Nontribal,Census Place,2445525,"Langley Park, MD",2.738645000,0.000000000,0.000000000,1.000000000,1.000000000,1.000000000,1.000000000,1.000000000,1.000000000
Nontribal,Census Place,2445550,"Lanham, MD",9.795922500,0.000000000,0.000000000,1.000000000,0.989247312,1.000000000,1.000000000,1.000000000,0.935483871
Nontribal,Census Place,2445650,"Lansdowne, MD",6.319950000,0.000000000,0.000000000,1.000000000,1.000000000,1.000000000,1.000000000,1.000000000,1.000000000
Nontribal,Census Place,2445750,"La Plata, MD",19.591845000,0.000000000,0.000000000,1.000000000,0.978494624,1.000000000,0.940860215,0.994623656,0.919354839
Nontribal,Census Place,2445825,"Largo, MD",8.215935000,0.000000000,0.000000000,1.000000000,1.000000000,1.000000000,1.000000000,1.000000000,1.000000000
Nontribal,Census Place,2445900,"Laurel, MD",12.323902500,0.000000000,0.000000000,1.000000000,1.000000000,1.000000000,1.000000000,1.000000000,0.957264957
Nontribal,Census Place,2446075,"La Vale, MD",24.331807500,0.000000000,0.000000000,0.991341991,0.783549784,0.995670996,0.935064935,0.930735931,0.831168831
Nontribal,Census Place,2446150,"Layhill, MD",4.423965000,0.000000000,0.000000000,1.000000000,1.000000000,1.000000000,0.904761905,0.952380952,0.761904762
Nontribal,Census Place,2446250,"Laytonsville, MD",2.738645000,0.000000000,0.000000000,1.000000000,1.000000000,1.000000000,1.000000000,1.000000000,1.000000000
Nontribal,Census Place,2446375,"Leisure World, MD",3.054642500,0.000000000,0.000000000,1.000000000,1.000000000,1.000000000,1.000000000,1.000000000,1.000000000
Nontribal,Census Place,2446400,"Leitersburg, MD",4.634630000,0.000000000,0.000000000,1.000000000,0.772727273,1.000000000,0.863636364,0.772727273,0.431818182
Nontribal,Census Place,2446475,"Leonardtown, MD",10.743915000,0.000000000,0.000000000,1.000000000,0.911764706,1.000000000,0.960784314,0.950980392,0.872549020
Nontribal,Census Place,2446650,"Lewistown, MD",1.474655000,0.000000000,0.000000000,1.000000000,1.000000000,1.000000000,1.000000000,1.000000000,1.000000000
Nontribal,Census Place,2446725,"Lexington Park, MD",16.431870000,0.000000000,0.000000000,1.000000000,0.974358974,0.967948718,0.807692308,0.884615385,0.692307692
Nontribal,Census Place,2446800,"Libertytown, MD",6.635947500,0.000000000,0.000000000,1.000000000,0.952380952,1.000000000,0.952380952,0.968253968,0.761904762
Nontribal,Census Place,2447040,"Linganore, MD",22.330490000,0.000000000,0.000000000,1.000000000,0.735849057,0.990566038,0.849056604,0.929245283,0.655660377
Nontribal,Census Place,2447125,"Linthicum, MD",14.430552500,0.000000000,0.000000000,1.000000000,0.992700730,1.000000000,0.992700730,0.992700730,0.970802920
Nontribal,Census Place,2447250,"Lisbon, MD",4.002635000,0.000000000,0.000000000,1.000000000,1.000000000,1.000000000,1.000000000,1.000000000,0.947368421
Nontribal,Census Place,2447275,"Little Orleans, MD",3.265307500,0.000000000,0.000000000,1.000000000,0.258064516,0.935483871,0.064516129,0.419354839,0.064516129
Nontribal,Census Place,2447450,"Lochearn, MD",15.062547500,0.000000000,0.000000000,1.000000000,0.993006993,1.000000000,1.000000000,1.000000000,0.993006993
Nontribal,Census Place,2447525,"Loch Lynn Heights, MD",0.842660000,0.000000000,0.000000000,1.000000000,1.000000000,1.000000000,1.000000000,1.000000000,0.625000000
Nontribal,Census Place,2447875,"Lonaconing, MD",0.947992500,0.000000000,0.000000000,1.000000000,1.000000000,1.000000000,1.000000000,1.000000000,0.888888889
Nontribal,Census Place,2448025,"Long Beach, MD",4.529297500,0.000000000,0.000000000,1.000000000,0.534883721,0.953488372,0.465116279,0.813953488,0.232558140
Nontribal,Census Place,2448775,"Luke, MD",0.737327500,0.000000000,0.000000000,1.000000000,0.714285714,1.000000000,0.428571429,0.857142857,0.142857143
Nontribal,Census Place,2448800,"Lusby, MD",9.690590000,0.000000000,0.000000000,1.000000000,0.847826087,1.000000000,0.978260870,0.989130435,0.869565217
Nontribal,Census Place,2448875,"Lutherville, MD",5.371957500,0.000000000,0.000000000,1.000000000,1.000000000,1.000000000,0.960784314,1.000000000,0.882352941
Nontribal,Census Place,2449325,"McCoole, MD",3.370640000,0.000000000,0.000000000,1.000000000,0.906250000,1.000000000,0.718750000,0.968750000,0.437500000
Nontribal,Census Place,2449700,"Madison, MD",8.953262500,0.000000000,0.000000000,1.000000000,0.929411765,1.000000000,0.752941176,0.988235294,0.717647059
Nontribal,Census Place,2449950,"Manchester, MD",6.635947500,0.000000000,0.000000000,1.000000000,1.000000000,1.000000000,0.936507937,0.984126984,0.857142857
Nontribal,Census Place,2450375,"Mapleville, MD",1.158657500,0.000000000,0.000000000,1.000000000,1.000000000,1.000000000,1.000000000,1.000000000,1.000000000
Nontribal,Census Place,2450525,"Mardela Springs, MD",1.158657500,0.000000000,0.000000000,1.000000000,1.000000000,1.000000000,0.818181818,1.000000000,0.636363636
Nontribal,Census Place,2450680,"Marlboro Meadows, MD",16.326537500,0.000000000,0.000000000,1.000000000,0.774193548,1.000000000,0.890322581,0.941935484,0.632258065
Nontribal,Census Place,2450685,"Marlboro Village, MD",10.533250000,0.000000000,0.000000000,1.000000000,0.990000000,1.000000000,1.000000000,1.000000000,0.980000000
Nontribal,Census Place,2450750,"Marlow Heights, MD",5.371957500,0.000000000,0.000000000,1.000000000,1.000000000,1.000000000,1.000000000,1.000000000,1.000000000
Nontribal,Census Place,2450775,"Marlton, MD",15.799875000,0.000000000,0.000000000,1.000000000,0.993333333,1.000000000,0.946666667,0.986666667,0.846666667
Nontribal,Census Place,2450965,"Martin's Additions, MD",0.315997500,0.000000000,0.000000000,1.000000000,1.000000000,1.000000000,1.000000000,1.000000000,1.000000000
Nontribal,Census Place,2451025,"Marydel, MD",0.315997500,0.000000000,0.000000000,1.000000000,1.000000000,1.000000000,1.000000000,1.000000000,1.000000000
Nontribal,Census Place,2451075,"Maryland City, MD",20.118507500,0.000000000,0.000000000,1.000000000,1.000000000,1.000000000,0.973821990,1.000000000,0.931937173
Nontribal,Census Place,2451125,"Maryland Park, MD",0.526662500,0.000000000,0.000000000,1.000000000,1.000000000,1.000000000,1.000000000,1.000000000,1.000000000
Nontribal,Census Place,2451425,"Maugansville, MD",6.846612500,0.000000000,0.000000000,1.000000000,1.000000000,1.000000000,1.000000000,1.000000000,1.000000000
Nontribal,Census Place,2451575,"Mayo, MD",25.174467500,0.000000000,0.000000000,1.000000000,0.983263598,1.000000000,0.979079498,0.979079498,0.907949791
Nontribal,Census Place,2451587,"Mays Chapel, MD",9.585257500,0.000000000,0.000000000,1.000000000,0.989010989,1.000000000,0.945054945,1.000000000,0.879120879
Nontribal,Census Place,2451800,"Mechanicsville, MD",14.325220000,0.000000000,0.000000000,1.000000000,0.963235294,0.992647059,0.669117647,0.860294118,0.551470588
Nontribal,Census Place,2451940,"Melwood, MD",7.478607500,0.000000000,0.000000000,1.000000000,1.000000000,1.000000000,0.971830986,1.000000000,0.929577465
Nontribal,Census Place,2451945,"Mercersville, MD",0.842660000,0.000000000,0.000000000,0.750000000,0.000000000,0.500000000,0.125000000,0.000000000,0.000000000
Nontribal,Census Place,2452225,"Middleburg, MD",0.210665000,0.000000000,0.000000000,1.000000000,1.000000000,1.000000000,1.000000000,1.000000000,1.000000000
Nontribal,Census Place,2452300,"Middle River, MD",36.129047500,0.000000000,0.000000000,1.000000000,0.965014577,1.000000000,0.973760933,0.991253644,0.860058309
Nontribal,Census Place,2452425,"Middletown, MD",5.582622500,0.000000000,0.000000000,1.000000000,1.000000000,1.000000000,1.000000000,1.000000000,0.962264151
Nontribal,Census Place,2452475,"Midland, MD",0.315997500,0.000000000,0.000000000,1.000000000,0.666666667,1.000000000,0.666666667,0.333333333,0.000000000
Nontribal,Census Place,2452525,"Midlothian, MD",2.001317500,0.000000000,0.000000000,1.000000000,1.000000000,1.000000000,1.000000000,1.000000000,0.947368421
Nontribal,Census Place,2452562,"Milford Mill, MD",18.222522500,0.000000000,0.000000000,1.000000000,1.000000000,1.000000000,0.994219653,0.994219653,0.965317919
Nontribal,Census Place,2452825,"Millington, MD",1.895985000,0.000000000,0.000000000,1.000000000,0.666666667,0.888888889,0.388888889,0.888888889,0.388888889
Nontribal,Census Place,2452975,"Mitchellville, MD",12.850565000,0.000000000,0.000000000,1.000000000,1.000000000,1.000000000,0.983606557,0.991803279,0.893442623
Nontribal,Census Place,2453100,"Monrovia, MD",6.109285000,0.000000000,0.000000000,1.000000000,1.000000000,1.000000000,1.000000000,1.000000000,1.000000000
Nontribal,Census Place,2453325,"Montgomery Village, MD",10.849247500,0.000000000,0.000000000,1.000000000,1.000000000,1.000000000,1.000000000,1.000000000,0.922330097
Nontribal,Census Place,2453625,"Morningside, MD",1.685320000,0.000000000,0.000000000,1.000000000,1.000000000,1.000000000,1.000000000,1.000000000,1.000000000
Nontribal,Census Place,2453700,"Moscow, MD",0.631995000,0.000000000,0.000000000,1.000000000,1.000000000,1.000000000,1.000000000,1.000000000,1.000000000
Nontribal,Census Place,2453750,"Mount Aetna, MD",3.686637500,0.000000000,0.000000000,1.000000000,0.571428571,1.000000000,1.000000000,0.942857143,0.828571429
Nontribal,Census Place,2453800,"Mountain Lake Park, MD",5.266625000,0.000000000,0.000000000,1.000000000,1.000000000,1.000000000,0.980000000,1.000000000,0.780000000
Nontribal,Census Place,2453875,"Mount Airy, MD",10.849247500,0.000000000,0.000000000,1.000000000,1.000000000,1.000000000,1.000000000,1.000000000,0.980582524
Nontribal,Census Place,2453925,"Mount Briar, MD",1.579987500,0.000000000,0.000000000,1.000000000,0.866666667,1.000000000,0.933333333,0.933333333,0.800000000
Nontribal,Census Place,2454125,"Mount Lena, MD",3.475972500,0.000000000,0.000000000,1.000000000,1.000000000,1.000000000,1.000000000,1.000000000,1.000000000
Nontribal,Census Place,2454275,"Mount Rainier, MD",1.790652500,0.000000000,0.000000000,1.000000000,1.000000000,1.000000000,1.000000000,1.000000000,1.000000000
Nontribal,Census Place,2454325,"Mount Savage, MD",2.317315000,0.000000000,0.000000000,0.954545455,0.136363636,0.545454545,0.090909091,0.318181818,0.000000000
Nontribal,Census Place,2454375,"Mount Vernon, MD",42.027667500,0.000000000,0.000000000,1.000000000,0.446115288,0.822055138,0.441102757,0.390977444,0.145363409
Nontribal,Census Place,2454875,"Myersville, MD",2.949310000,0.000000000,0.000000000,1.000000000,1.000000000,1.000000000,0.964285714,1.000000000,0.821428571
Nontribal,Census Place,2454925,"Nanticoke, MD",7.267942500,0.000000000,0.000000000,0.550724638,0.130434783,0.217391304,0.000000000,0.173913043,0.000000000
Nontribal,Census Place,2454930,"Nanticoke Acres, MD",0.737327500,0.000000000,0.000000000,0.428571429,0.000000000,0.142857143,0.000000000,0.142857143,0.000000000
Nontribal,Census Place,2455000,"National, MD",0.631995000,0.000000000,0.000000000,1.000000000,1.000000000,1.000000000,1.000000000,1.000000000,0.500000000
Nontribal,Census Place,2455018,"National Harbor, MD",4.318632500,0.000000000,0.000000000,1.000000000,1.000000000,1.000000000,1.000000000,1.000000000,1.000000000
Nontribal,Census Place,2455050,"Naval Academy, MD",2.211982500,0.000000000,0.000000000,1.000000000,1.000000000,1.000000000,1.000000000,1.000000000,0.952380952
Nontribal,Census Place,2455325,"Newark, MD",25.490465000,0.000000000,0.000000000,1.000000000,0.615702479,0.669421488,0.190082645,0.433884298,0.128099174
Nontribal,Census Place,2455400,"New Carrollton, MD",4.107967500,0.000000000,0.000000000,1.000000000,1.000000000,1.000000000,1.000000000,1.000000000,1.000000000
Nontribal,Census Place,2455650,"New Market, MD",4.423965000,0.000000000,0.000000000,1.000000000,1.000000000,1.000000000,1.000000000,1.000000000,1.000000000
Nontribal,Census Place,2455925,"New Windsor, MD",1.579987500,0.000000000,0.000000000,1.000000000,1.000000000,1.000000000,1.000000000,1.000000000,0.866666667
Nontribal,Census Place,2455950,"Nikep, MD",0.315997500,0.000000000,0.000000000,1.000000000,1.000000000,1.000000000,1.000000000,1.000000000,1.000000000
Nontribal,Census Place,2456300,"North Beach, MD",0.947992500,0.000000000,0.000000000,1.000000000,1.000000000,1.000000000,1.000000000,1.000000000,1.000000000
Nontribal,Census Place,2456337,"North Bethesda, MD",23.489147500,0.000000000,0.000000000,1.000000000,0.995515695,1.000000000,0.973094170,0.995515695,0.874439462
Nontribal,Census Place,2456375,"North Brentwood, MD",0.315997500,0.000000000,0.000000000,1.000000000,1.000000000,1.000000000,1.000000000,1.000000000,1.000000000
Nontribal,Census Place,2456400,"North Chevy Chase, MD",0.210665000,0.000000000,0.000000000,1.000000000,1.000000000,1.000000000,1.000000000,1.000000000,0.500000000
Nontribal,Census Place,2456450,"North East, MD",6.109285000,0.000000000,0.000000000,1.000000000,1.000000000,1.000000000,1.000000000,1.000000000,0.982758621
Nontribal,Census Place,2456712,"North Kensington, MD",4.002635000,0.000000000,0.000000000,1.000000000,1.000000000,1.000000000,1.000000000,1.000000000,0.973684211
Nontribal,Census Place,2456725,"North Laurel, MD",17.274530000,0.000000000,0.000000000,1.000000000,1.000000000,1.000000000,0.987804878,1.000000000,0.890243902
Nontribal,Census Place,2456875,"North Potomac, MD",17.485195000,0.000000000,0.000000000,1.000000000,0.993975904,1.000000000,0.921686747,0.987951807,0.728915663
Nontribal,Census Place,2457650,"Oakland, MD",7.162610000,0.000000000,0.000000000,1.000000000,0.985294118,1.000000000,0.970588235,1.000000000,0.750000000
Nontribal,Census Place,2458215,"Ocean, MD",0.105332500,0.000000000,0.000000000,1.000000000,0.000000000,1.000000000,1.000000000,1.000000000,1.000000000
Nontribal,Census Place,2458225,"Ocean City, MD",25.911795000,0.000000000,0.000000000,1.000000000,1.000000000,1.000000000,0.817073171,1.000000000,0.731707317
Nontribal,Census Place,2458275,"Ocean Pines, MD",24.542472500,0.000000000,0.000000000,1.000000000,0.969957082,0.965665236,0.360515021,0.819742489,0.266094421
Nontribal,Census Place,2458300,"Odenton, MD",39.078357500,0.000000000,0.000000000,1.000000000,0.994609164,1.000000000,0.989218329,0.983827493,0.946091644
Nontribal,Census Place,2458775,"Oldtown, MD",0.947992500,0.000000000,0.000000000,1.000000000,1.000000000,1.000000000,1.000000000,1.000000000,1.000000000
Nontribal,Census Place,2458900,"Olney, MD",43.080992500,0.000000000,0.000000000,1.000000000,0.987775061,0.997555012,0.892420538,0.963325183,0.782396088
Nontribal,Census Place,2459325,"Overlea, MD",7.794605000,0.000000000,0.000000000,1.000000000,1.000000000,1.000000000,1.000000000,1.000000000,0.986486486
Nontribal,Census Place,2459375,"Owings, MD",10.533250000,0.000000000,0.000000000,1.000000000,0.930000000,1.000000000,0.340000000,0.830000000,0.290000000
Nontribal,Census Place,2459425,"Owings Mills, MD",24.858470000,0.000000000,0.000000000,1.000000000,1.000000000,1.000000000,1.000000000,1.000000000,0.957627119
Nontribal,Census Place,2459450,"Oxford, MD",2.422647500,0.000000000,0.000000000,1.000000000,0.913043478,0.565217391,0.565217391,0.565217391,0.565217391
Nontribal,Census Place,2459500,"Oxon Hill, MD",17.590527500,0.000000000,0.000000000,1.000000000,0.994011976,1.000000000,0.988023952,1.000000000,0.964071856
Nontribal,Census Place,2459787,"Paramount-Long Meadow, MD",5.477290000,0.000000000,0.000000000,1.000000000,1.000000000,1.000000000,1.000000000,1.000000000,1.000000000
Nontribal,Census Place,2460275,"Parkville, MD",11.375910000,0.000000000,0.000000000,1.000000000,1.000000000,1.000000000,1.000000000,1.000000000,1.000000000
Nontribal,Census Place,2460325,"Parole, MD",31.389085000,0.000000000,0.000000000,1.000000000,0.966442953,1.000000000,0.976510067,0.983221477,0.889261745
Nontribal,Census Place,2460425,"Parsonsburg, MD",3.686637500,0.000000000,0.000000000,1.000000000,0.714285714,1.000000000,0.657142857,0.828571429,0.257142857
Nontribal,Census Place,2460475,"Pasadena, MD",43.607655000,0.000000000,0.000000000,1.000000000,0.978260870,1.000000000,0.968599034,0.983091787,0.840579710
Nontribal,Census Place,2460770,"Pecktonville, MD",1.790652500,0.000000000,0.000000000,1.000000000,0.823529412,1.000000000,0.705882353,1.000000000,0.529411765
Nontribal,Census Place,2460950,"Peppermill Village, MD",2.001317500,0.000000000,0.000000000,1.000000000,1.000000000,1.000000000,1.000000000,1.000000000,1.000000000
Nontribal,Census Place,2460975,"Perry Hall, MD",18.117190000,0.000000000,0.000000000,1.000000000,0.947674419,0.988372093,0.965116279,0.959302326,0.936046512
Nontribal,Census Place,2461075,"Perryman, MD",14.430552500,0.000000000,0.000000000,1.000000000,1.000000000,1.000000000,0.992700730,1.000000000,0.941605839
Nontribal,Census Place,2461150,"Perryville, MD",7.267942500,0.000000000,0.000000000,1.000000000,1.000000000,1.000000000,1.000000000,1.000000000,1.000000000
Nontribal,Census Place,2461400,"Pikesville, MD",32.337077500,0.000000000,0.000000000,1.000000000,0.947882736,1.000000000,0.931596091,0.941368078,0.814332248
Nontribal,Census Place,2461700,"Pinesburg, MD",1.790652500,0.000000000,0.000000000,1.000000000,0.941176471,1.000000000,1.000000000,1.000000000,1.000000000
Nontribal,Census Place,2461875,"Piney Point, MD",4.950627500,0.000000000,0.000000000,1.000000000,0.957446809,1.000000000,1.000000000,1.000000000,1.000000000
Nontribal,Census Place,2462025,"Pittsville, MD",4.107967500,0.000000000,0.000000000,1.000000000,1.000000000,1.000000000,1.000000000,1.000000000,1.000000000
Nontribal,Census Place,2462100,"Pleasant Grove, MD",4.213300000,0.000000000,0.000000000,1.000000000,1.000000000,1.000000000,1.000000000,1.000000000,1.000000000
Nontribal,Census Place,2462175,"Pleasant Hills, MD",11.375910000,0.000000000,0.000000000,1.000000000,0.787037037,0.962962963,0.962962963,0.944444444,0.861111111
Nontribal,Census Place,2462475,"Pocomoke City, MD",11.481242500,0.000000000,0.000000000,1.000000000,0.853211009,1.000000000,0.981651376,1.000000000,0.944954128
Nontribal,Census Place,2462575,"Point of Rocks, MD",2.843977500,0.000000000,0.000000000,1.000000000,1.000000000,1.000000000,1.000000000,1.000000000,1.000000000
Nontribal,Census Place,2462675,"Pomfret, MD",7.267942500,0.000000000,0.000000000,1.000000000,0.666666667,0.869565217,0.405797101,0.405797101,0.144927536
Nontribal,Census Place,2462775,"Pondsville, MD",0.737327500,0.000000000,0.000000000,1.000000000,0.857142857,1.000000000,1.000000000,1.000000000,0.714285714
Nontribal,Census Place,2462850,"Poolesville, MD",10.533250000,0.000000000,0.000000000,1.000000000,0.980000000,1.000000000,0.820000000,0.970000000,0.650000000
Nontribal,Census Place,2463075,"Port Deposit, MD",6.109285000,0.000000000,0.000000000,1.000000000,0.706896552,0.982758621,0.965517241,0.948275862,0.758620690
Nontribal,Census Place,2463225,"Port Tobacco Village, MD",0.421330000,0.000000000,0.000000000,1.000000000,0.250000000,1.000000000,0.750000000,0.250000000,0.000000000
Nontribal,Census Place,2463300,"Potomac, MD",70.678107500,0.000000000,0.000000000,1.000000000,0.923994039,0.949329359,0.791356185,0.855439642,0.636363636
Nontribal,Census Place,2463375,"Potomac Heights, MD",3.686637500,0.000000000,0.000000000,1.000000000,1.000000000,1.000000000,1.000000000,1.000000000,1.000000000
Nontribal,Census Place,2463425,"Potomac Park, MD",1.053325000,0.000000000,0.000000000,1.000000000,1.000000000,1.000000000,1.000000000,1.000000000,1.000000000
Nontribal,Census Place,2463725,"Powellville, MD",4.318632500,0.000000000,0.000000000,1.000000000,1.000000000,1.000000000,1.000000000,1.000000000,0.951219512
Nontribal,Census Place,2463825,"Preston, MD",1.369322500,0.000000000,0.000000000,1.000000000,1.000000000,1.000000000,1.000000000,1.000000000,1.000000000
Nontribal,Census Place,2463950,"Prince Frederick, MD",10.006587500,0.000000000,0.000000000,1.000000000,1.000000000,1.000000000,0.968421053,1.000000000,0.863157895
Nontribal,Census Place,2464000,"Princess Anne, MD",4.213300000,0.000000000,0.000000000,1.000000000,0.975000000,1.000000000,1.000000000,1.000000000,1.000000000
Nontribal,Census Place,2464375,"Pylesville, MD",12.639900000,0.000000000,0.000000000,1.000000000,0.991666667,1.000000000,0.875000000,0.950000000,0.708333333
Nontribal,Census Place,2464475,"Quantico, MD",5.898620000,0.000000000,0.000000000,1.000000000,0.910714286,1.000000000,0.696428571,1.000000000,0.696428571
Nontribal,Census Place,2464495,"Queen Anne, MD",23.489147500,0.000000000,0.000000000,1.000000000,0.986547085,1.000000000,0.959641256,0.977578475,0.856502242
Nontribal,Census Place,2464500,"Queen Anne, MD",0.315997500,0.000000000,0.000000000,1.000000000,1.000000000,1.000000000,1.000000000,1.000000000,1.000000000
Nontribal,Census Place,2464568,"Queensland, MD",12.639900000,0.000000000,0.000000000,1.000000000,0.983333333,1.000000000,0.991666667,0.991666667,0.883333333
Nontribal,Census Place,2464600,"Queenstown, MD",5.582622500,0.000000000,0.000000000,1.000000000,1.000000000,1.000000000,1.000000000,1.000000000,0.943396226
Nontribal,Census Place,2464950,"Randallstown, MD",27.070452500,0.000000000,0.000000000,1.000000000,1.000000000,1.000000000,0.988326848,0.996108949,0.891050584
Nontribal,Census Place,2465150,"Rawlings, MD",2.317315000,0.000000000,0.000000000,1.000000000,0.954545455,1.000000000,0.954545455,1.000000000,0.590909091
Nontribal,Census Place,2465312,"Redland, MD",19.591845000,0.000000000,0.000000000,1.000000000,0.989247312,1.000000000,0.951612903,0.989247312,0.838709677
Nontribal,Census Place,2465550,"Reid, MD",0.315997500,0.000000000,0.000000000,1.000000000,0.333333333,1.000000000,1.000000000,1.000000000,1.000000000
Nontribal,Census Place,2465600,"Reisterstown, MD",13.587892500,0.000000000,0.000000000,1.000000000,1.000000000,1.000000000,1.000000000,1.000000000,0.930232558
Nontribal,Census Place,2466000,"Ridgely, MD",4.845295000,0.000000000,0.000000000,1.000000000,1.000000000,1.000000000,0.978260870,1.000000000,0.891304348
Nontribal,Census Place,2466150,"Ringgold, MD",0.842660000,0.000000000,0.000000000,1.000000000,1.000000000,1.000000000,1.000000000,1.000000000,1.000000000
Nontribal,Census Place,2466275,"Rising Sun, MD",4.529297500,0.000000000,0.000000000,1.000000000,1.000000000,1.000000000,1.000000000,1.000000000,0.976744186
Nontribal,Census Place,2466400,"Riva, MD",7.689272500,0.000000000,0.000000000,1.000000000,0.904109589,1.000000000,0.986301370,0.972602740,0.890410959
Nontribal,Census Place,2466635,"Riverdale Park, MD",4.318632500,0.000000000,0.000000000,1.000000000,1.000000000,1.000000000,1.000000000,1.000000000,1.000000000
Nontribal,Census Place,2466762,"Riverside, MD",6.951945000,0.000000000,0.000000000,1.000000000,1.000000000,1.000000000,1.000000000,1.000000000,1.000000000
Nontribal,Census Place,2466850,"Riviera Beach, MD",8.321267500,0.000000000,0.000000000,1.000000000,1.000000000,1.000000000,1.000000000,1.000000000,0.911392405
Nontribal,Census Place,2467000,"Robinwood, MD",9.901255000,0.000000000,0.000000000,1.000000000,1.000000000,1.000000000,1.000000000,1.000000000,0.989361702
Nontribal,Census Place,2467400,"Rock Hall, MD",4.318632500,0.000000000,0.000000000,1.000000000,0.975609756,0.975609756,0.560975610,0.756097561,0.390243902
Nontribal,Census Place,2467500,"Rock Point, MD",1.790652500,0.000000000,0.000000000,1.000000000,1.000000000,1.000000000,1.000000000,1.000000000,0.823529412
Nontribal,Census Place,2467675,"Rockville, MD",36.339712500,0.000000000,0.000000000,1.000000000,1.000000000,1.000000000,0.997101449,1.000000000,0.898550725
Nontribal,Census Place,2467950,"Rohrersville, MD",0.631995000,0.000000000,0.000000000,1.000000000,1.000000000,1.000000000,1.000000000,1.000000000,1.000000000
Nontribal,Census Place,2468265,"Romancoke, MD",5.371957500,0.000000000,0.000000000,1.000000000,1.000000000,0.882352941,0.784313725,0.764705882,0.725490196
Nontribal,Census Place,2468300,"Rosaryville, MD",25.069135000,0.000000000,0.000000000,1.000000000,0.978991597,1.000000000,0.928571429,0.957983193,0.827731092
Nontribal,Census Place,2468400,"Rosedale, MD",19.065182500,0.000000000,0.000000000,1.000000000,1.000000000,1.000000000,1.000000000,1.000000000,0.994475138
Nontribal,Census Place,2468600,"Rosemont, MD",1.369322500,0.000000000,0.000000000,1.000000000,1.000000000,1.000000000,1.000000000,1.000000000,1.000000000
Nontribal,Census Place,2468700,"Rossville, MD",14.219887500,0.000000000,0.000000000,1.000000000,1.000000000,1.000000000,1.000000000,1.000000000,1.000000000
Nontribal,Census Place,2469200,"Sabillasville, MD",4.423965000,0.000000000,0.000000000,1.000000000,0.928571429,1.000000000,0.952380952,1.000000000,0.880952381
Nontribal,Census Place,2469425,"St. George Island, MD",2.211982500,0.000000000,0.000000000,1.000000000,0.809523810,1.000000000,0.809523810,1.000000000,0.476190476
Nontribal,Census Place,2469550,"St. James, MD",15.905207500,0.000000000,0.000000000,1.000000000,0.980132450,1.000000000,1.000000000,1.000000000,1.000000000
Nontribal,Census Place,2469675,"St. Leonard, MD",6.003952500,0.000000000,0.000000000,1.000000000,0.877192982,1.000000000,0.684210526,0.736842105,0.421052632
Nontribal,Census Place,2469825,"St. Michaels, MD",3.686637500,0.000000000,0.000000000,1.000000000,0.971428571,1.000000000,0.857142857,0.942857143,0.857142857
Nontribal,Census Place,2469925,"Salisbury, MD",37.709035000,0.000000000,0.000000000,1.000000000,1.000000000,1.000000000,1.000000000,1.000000000,0.997206704
Nontribal,Census Place,2470175,"Sandy Hook, MD",0.315997500,0.000000000,0.000000000,1.000000000,1.000000000,1.000000000,1.000000000,1.000000000,1.000000000
Nontribal,Census Place,2470300,"San Mar, MD",1.053325000,0.000000000,0.000000000,1.000000000,1.000000000,1.000000000,1.000000000,1.000000000,1.000000000
Nontribal,Census Place,2470475,"Savage, MD",7.267942500,0.000000000,0.000000000,1.000000000,1.000000000,1.000000000,0.985507246,1.000000000,0.884057971
Nontribal,Census Place,2470525,"Scaggsville, MD",14.325220000,0.000000000,0.000000000,1.000000000,0.948529412,1.000000000,0.941176471,0.963235294,0.779411765
Nontribal,Census Place,2470775,"Seabrook, MD",8.110602500,0.000000000,0.000000000,1.000000000,1.000000000,1.000000000,1.000000000,1.000000000,1.000000000
Nontribal,Census Place,2470850,"Seat Pleasant, MD",2.106650000,0.000000000,0.000000000,1.000000000,1.000000000,1.000000000,1.000000000,1.000000000,1.000000000
Nontribal,Census Place,2470900,"Secretary, MD",0.737327500,0.000000000,0.000000000,1.000000000,0.714285714,0.714285714,0.142857143,0.571428571,0.142857143
Nontribal,Census Place,2471150,"Severn, MD",48.663615000,0.000000000,0.000000000,1.000000000,1.000000000,1.000000000,0.993506494,0.991341991,0.967532468
Nontribal,Census Place,2471200,"Severna Park, MD",51.086262500,0.000000000,0.000000000,1.000000000,0.989690722,0.997938144,0.944329897,0.973195876,0.806185567
Nontribal,Census Place,2471450,"Shady Side, MD",21.277165000,0.000000000,0.000000000,1.000000000,0.658415842,0.995049505,0.811881188,0.891089109,0.608910891
Nontribal,Census Place,2471460,"Shaft, MD",2.106650000,0.000000000,0.000000000,1.000000000,1.000000000,1.000000000,1.000000000,1.000000000,0.900000000
Nontribal,Census Place,2471600,"Sharpsburg, MD",0.421330000,0.000000000,0.000000000,1.000000000,1.000000000,1.000000000,1.000000000,1.000000000,1.000000000
Nontribal,Census Place,2471650,"Sharptown, MD",1.053325000,0.000000000,0.000000000,1.000000000,1.000000000,1.000000000,1.000000000,1.000000000,1.000000000
Nontribal,Census Place,2472350,"Silver Hill, MD",3.370640000,0.000000000,0.000000000,1.000000000,1.000000000,1.000000000,0.937500000,1.000000000,0.843750000
Nontribal,Census Place,2472450,"Silver Spring, MD",20.855835000,0.000000000,0.000000000,1.000000000,1.000000000,1.000000000,1.000000000,1.000000000,0.984848485
Nontribal,Census Place,2472887,"Smith Island, MD",25.174467500,0.000000000,0.000000000,1.000000000,1.000000000,0.740585774,0.284518828,0.723849372,0.142259414
Nontribal,Census Place,2472900,"Smithsburg, MD",3.054642500,0.000000000,0.000000000,1.000000000,1.000000000,1.000000000,1.000000000,1.000000000,0.965517241
Nontribal,Census Place,2473075,"Snow Hill, MD",4.634630000,0.000000000,0.000000000,1.000000000,1.000000000,1.000000000,1.000000000,1.000000000,0.977272727
Nontribal,Census Place,2473325,"Solomons, MD",5.793287500,0.000000000,0.000000000,1.000000000,1.000000000,1.000000000,1.000000000,1.000000000,1.000000000
Nontribal,Census Place,2473350,"Somerset, MD",0.526662500,0.000000000,0.000000000,1.000000000,1.000000000,1.000000000,1.000000000,1.000000000,1.000000000
Nontribal,Census Place,2473600,"South Kensington, MD",6.319950000,0.000000000,0.000000000,1.000000000,1.000000000,1.000000000,1.000000000,1.000000000,0.900000000
Nontribal,Census Place,2473650,"South Laurel, MD",21.803827500,0.000000000,0.000000000,1.000000000,0.946859903,1.000000000,0.932367150,0.971014493,0.864734300
Nontribal,Census Place,2474050,"Spencerville, MD",4.002635000,0.000000000,0.000000000,1.000000000,1.000000000,1.000000000,0.815789474,0.868421053,0.500000000
Nontribal,Census Place,2474282,"Springdale, MD",3.581305000,0.000000000,0.000000000,1.000000000,1.000000000,1.000000000,1.000000000,1.000000000,0.970588235
Nontribal,Census Place,2474350,"Spring Gap, MD",1.579987500,0.000000000,0.000000000,0.733333333,0.000000000,0.133333333,0.000000000,0.000000000,0.000000000
Nontribal,Census Place,2474560,"Spring Ridge, MD",7.057277500,0.000000000,0.000000000,1.000000000,0.985074627,1.000000000,1.000000000,1.000000000,0.940298507
Nontribal,Census Place,2475025,"Stevensville, MD",16.326537500,0.000000000,0.000000000,1.000000000,0.980645161,0.993548387,0.832258065,0.987096774,0.690322581
Nontribal,Census Place,2475150,"Still Pond, MD",0.315997500,0.000000000,0.000000000,1.000000000,1.000000000,1.000000000,1.000000000,1.000000000,1.000000000
Nontribal,Census Place,2475200,"Stockton, MD",4.634630000,0.000000000,0.000000000,1.000000000,0.545454545,0.727272727,0.136363636,0.568181818,0.136363636
Nontribal,Census Place,2475650,"Sudlersville, MD",3.897302500,0.000000000,0.000000000,1.000000000,1.000000000,1.000000000,1.000000000,1.000000000,0.972972973
Nontribal,Census Place,2475725,"Suitland, MD",11.586575000,0.000000000,0.000000000,1.000000000,1.000000000,1.000000000,1.000000000,1.000000000,0.990909091
Nontribal,Census Place,2475810,"Summerfield, MD",9.795922500,0.000000000,0.000000000,1.000000000,1.000000000,1.000000000,1.000000000,1.000000000,1.000000000
Nontribal,Census Place,2476450,"Swanton, MD",1.263990000,0.000000000,0.000000000,0.916666667,0.583333333,0.916666667,0.583333333,0.833333333,0.083333333
Nontribal,Census Place,2476550,"Sykesville, MD",4.107967500,0.000000000,0.000000000,1.000000000,1.000000000,1.000000000,1.000000000,1.000000000,0.923076923
Nontribal,Census Place,2476650,"Takoma Park, MD",5.687955000,0.000000000,0.000000000,1.000000000,1.000000000,1.000000000,1.000000000,1.000000000,1.000000000
Nontribal,Census Place,2476675,"Tall Timbers, MD",4.002635000,0.000000000,0.000000000,1.000000000,0.631578947,1.000000000,1.000000000,0.973684211,0.973684211
Nontribal,Census Place,2476725,"Taneytown, MD",8.110602500,0.000000000,0.000000000,1.000000000,1.000000000,1.000000000,1.000000000,1.000000000,1.000000000
Nontribal,Census Place,2476925,"Taylors Island, MD",11.165245000,0.000000000,0.000000000,0.877358491,0.273584906,0.698113208,0.160377358,0.566037736,0.000000000
Nontribal,Census Place,2477100,"Temple Hills, MD",3.686637500,0.000000000,0.000000000,1.000000000,1.000000000,1.000000000,1.000000000,1.000000000,0.942857143
Nontribal,Census Place,2477200,"Templeville, MD",0.105332500,0.000000000,0.000000000,1.000000000,1.000000000,1.000000000,1.000000000,1.000000000,1.000000000
Nontribal,Census Place,2477262,"Ten Mile Creek, MD",15.589210000,0.000000000,0.000000000,1.000000000,0.885135135,0.986486486,0.837837838,0.858108108,0.668918919
Nontribal,Census Place,2477825,"Thurmont, MD",8.426600000,0.000000000,0.000000000,1.000000000,1.000000000,1.000000000,1.000000000,1.000000000,1.000000000
Nontribal,Census Place,2477912,"Tilghman Island, MD",6.635947500,0.000000000,0.000000000,1.000000000,0.888888889,0.984126984,0.761904762,0.841269841,0.333333333
Nontribal,Census Place,2477925,"Tilghmanton, MD",1.369322500,0.000000000,0.000000000,1.000000000,0.923076923,1.000000000,1.000000000,1.000000000,0.923076923
Nontribal,Census Place,2478050,"Timonium, MD",17.063865000,0.000000000,0.000000000,1.000000000,0.987654321,1.000000000,0.975308642,0.987654321,0.858024691
Nontribal,Census Place,2478120,"Tolchester, MD",1.685320000,0.000000000,0.000000000,0.937500000,0.500000000,0.437500000,0.187500000,0.312500000,0.000000000
Nontribal,Census Place,2478425,"Towson, MD",38.130365000,0.000000000,0.000000000,1.000000000,0.991712707,1.000000000,0.988950276,0.988950276,0.939226519
Nontribal,Census Place,2478575,"Trappe, MD",6.846612500,0.000000000,0.000000000,1.000000000,0.953846154,1.000000000,0.830769231,1.000000000,0.661538462
Nontribal,Census Place,2478650,"Travilah, MD",47.188960000,0.000000000,0.000000000,1.000000000,0.926339286,0.939732143,0.600446429,0.774553571,0.455357143
Nontribal,Census Place,2478705,"Trego-Rohrersville Station, MD",1.053325000,0.000000000,0.000000000,1.000000000,0.700000000,1.000000000,1.000000000,1.000000000,0.900000000
Nontribal,Census Place,2479225,"Tyaskin, MD",3.686637500,0.000000000,0.000000000,0.657142857,0.085714286,0.428571429,0.085714286,0.257142857,0.085714286
Nontribal,Census Place,2479350,"Union Bridge, MD",2.633312500,0.000000000,0.000000000,1.000000000,1.000000000,1.000000000,1.000000000,1.000000000,0.960000000
Nontribal,Census Place,2479675,"University Park, MD",1.263990000,0.000000000,0.000000000,1.000000000,1.000000000,1.000000000,1.000000000,1.000000000,1.000000000
Nontribal,Census Place,2479875,"Upper Marlboro, MD",2.001317500,0.000000000,0.000000000,1.000000000,1.000000000,1.000000000,1.000000000,1.000000000,1.000000000
Nontribal,Census Place,2479900,"Urbana, MD",20.645170000,0.000000000,0.000000000,1.000000000,0.938775510,1.000000000,0.989795918,0.994897959,0.943877551
Nontribal,Census Place,2480075,"Vale Summit, MD",2.738645000,0.000000000,0.000000000,1.000000000,0.923076923,1.000000000,1.000000000,1.000000000,1.000000000
Nontribal,Census Place,2480600,"Vienna, MD",2.001317500,0.000000000,0.000000000,1.000000000,1.000000000,1.000000000,1.000000000,1.000000000,1.000000000
Nontribal,Census Place,2481175,"Waldorf, MD",97.748560000,0.000000000,0.000000000,1.000000000,0.979525862,1.000000000,0.947198276,0.989224138,0.845905172
Nontribal,Census Place,2481250,"Walker Mill, MD",8.110602500,0.000000000,0.000000000,1.000000000,0.974025974,1.000000000,1.000000000,1.000000000,0.987012987
Nontribal,Census Place,2481275,"Walkersville, MD",12.639900000,0.000000000,0.000000000,1.000000000,1.000000000,1.000000000,0.991666667,1.000000000,0.941666667
Nontribal,Census Place,2481675,"Washington Grove, MD",0.737327500,0.000000000,0.000000000,1.000000000,1.000000000,1.000000000,1.000000000,1.000000000,1.000000000
Nontribal,Census Place,2481925,"Waterview, MD",1.158657500,0.000000000,0.000000000,0.727272727,0.000000000,0.363636364,0.000000000,0.181818182,0.000000000
Nontribal,Census Place,2482625,"West Denton, MD",0.947992500,0.000000000,0.000000000,1.000000000,1.000000000,1.000000000,1.000000000,1.000000000,1.000000000
Nontribal,Census Place,2482750,"Westernport, MD",2.211982500,0.000000000,0.000000000,1.000000000,1.000000000,1.000000000,1.000000000,1.000000000,0.904761905
Nontribal,Census Place,2483025,"West Laurel, MD",6.003952500,0.000000000,0.000000000,1.000000000,0.982456140,1.000000000,0.947368421,0.982456140,0.824561404
Nontribal,Census Place,2483100,"Westminster, MD",17.695860000,0.000000000,0.000000000,1.000000000,1.000000000,1.000000000,0.994047619,0.994047619,0.964285714
Nontribal,Census Place,2483225,"West Ocean City, MD",18.749185000,0.000000000,0.000000000,1.000000000,1.000000000,0.988764045,0.814606742,0.983146067,0.494382022
Nontribal,Census Place,2483290,"Westphalia, MD",26.543790000,0.000000000,0.000000000,1.000000000,0.960317460,1.000000000,0.984126984,1.000000000,0.849206349
Nontribal,Census Place,2483337,"West Pocomoke, MD",26.227792500,0.000000000,0.000000000,0.991967871,0.578313253,0.883534137,0.734939759,0.767068273,0.570281124
Nontribal,Census Place,2483746,"Whaleyville, MD",2.633312500,0.000000000,0.000000000,1.000000000,1.000000000,1.000000000,1.000000000,1.000000000,1.000000000
Nontribal,Census Place,2483775,"Wheaton, MD",18.117190000,0.000000000,0.000000000,1.000000000,1.000000000,1.000000000,1.000000000,1.000000000,0.947674419
Nontribal,Census Place,2484225,"Whitehaven, MD",1.053325000,0.000000000,0.000000000,1.000000000,0.200000000,0.400000000,0.100000000,0.100000000,0.100000000
Nontribal,Census Place,2484350,"White Marsh, MD",14.009222500,0.000000000,0.000000000,1.000000000,1.000000000,1.000000000,0.954887218,1.000000000,0.857142857
Nontribal,Census Place,2484375,"White Oak, MD",8.847930000,0.000000000,0.000000000,1.000000000,1.000000000,1.000000000,0.976190476,0.988095238,0.880952381
Nontribal,Census Place,2484784,"Wildewood, MD",7.794605000,0.000000000,0.000000000,1.000000000,1.000000000,1.000000000,1.000000000,1.000000000,0.959459459
Nontribal,Census Place,2484950,"Willards, MD",3.054642500,0.000000000,0.000000000,1.000000000,1.000000000,1.000000000,0.965517241,0.965517241,0.551724138
Nontribal,Census Place,2485100,"Williamsport, MD",2.633312500,0.000000000,0.000000000,1.000000000,1.000000000,1.000000000,1.000000000,1.000000000,1.000000000
Nontribal,Census Place,2485175,"Williston, MD",0.737327500,0.000000000,0.000000000,1.000000000,0.428571429,1.000000000,0.142857143,0.857142857,0.142857143
Nontribal,Census Place,2485395,"Wilson-Conococheague, MD",12.850565000,0.000000000,0.000000000,1.000000000,0.959016393,1.000000000,0.967213115,1.000000000,0.934426230
Nontribal,Census Place,2486275,"Woodland, MD",0.421330000,0.000000000,0.000000000,1.000000000,1.000000000,1.000000000,1.000000000,1.000000000,0.750000000
Nontribal,Census Place,2486475,"Woodlawn, MD",25.595797500,0.000000000,0.000000000,1.000000000,0.991769547,1.000000000,0.971193416,0.983539095,0.938271605
Nontribal,Census Place,2486525,"Woodlawn, MD",3.265307500,0.000000000,0.000000000,1.000000000,1.000000000,1.000000000,1.000000000,1.000000000,1.000000000
Nontribal,Census Place,2486710,"Woodmore, MD",17.801192500,0.000000000,0.000000000,1.000000000,1.000000000,1.000000000,0.958579882,1.000000000,0.763313609
Nontribal,Census Place,2486750,"Woodsboro, MD",1.895985000,0.000000000,0.000000000,1.000000000,1.000000000,1.000000000,1.000000000,1.000000000,0.888888889
Nontribal,Census Place,2487000,"Worton, MD",2.317315000,0.000000000,0.000000000,1.000000000,0.863636364,1.000000000,0.000000000,0.818181818,0.000000000
Nontribal,Census Place,2487150,"Yarrowsburg, MD",0.526662500,0.000000000,0.000000000,1.000000000,0.200000000,0.800000000,0.000000000,0.400000000,0.000000000
Nontribal,Census Place,2487275,"Zihlman, MD",3.897302500,0.000000000,0.000000000,1.000000000,0.891891892,1.000000000,1.000000000,1.000000000,0.945945946
